ts_unix_ms,elapsed_ms,reasm_ip_ns,reasm_ip_cnt,reasm_tcp_ns,reasm_tcp_cnt,lockwait_ns,parse_ns,parse_cnt,dump_ns,dump_cnt,sip_parse_ns,sip_group_ns,sip_pkt_ns,sip_pkt_cnt,rtp_pkt_ns,rtp_pkt_cnt
1782835263750,0,0,0,0,0,0,0,0,0,0,0,0,0,0,0,0
1782835264007,257,0,0,0,0,0,0,0,0,0,0,0,0,0,0,0
1782835264258,508,0,0,0,0,0,0,0,0,0,0,0,0,0,0,0
1782835264528,778,0,0,0,0,0,0,0,0,0,0,0,0,0,0,0
1782835264784,1034,0,0,0,0,0,0,0,0,0,0,0,0,0,0,0
1782835265036,1286,0,0,0,0,0,0,0,0,0,0,0,0,0,0,0
1782835265287,1537,0,0,0,0,0,0,0,0,0,0,0,0,0,0,0
1782835265537,1787,0,0,0,0,0,0,0,0,0,0,0,0,0,0,0
1782835265788,2038,0,0,0,0,0,0,0,0,0,0,0,0,0,0,0
1782835266039,2289,0,0,0,0,0,0,0,0,0,0,0,0,0,0,0
1782835266291,2541,0,0,0,0,0,0,0,0,0,0,0,0,0,0,0
1782835266547,2797,0,0,0,0,0,0,0,0,0,0,0,0,0,0,0
1782835266798,3048,0,0,0,0,0,0,0,0,0,0,0,0,0,0,0
1782835267049,3299,0,0,0,0,0,0,0,0,0,0,0,0,0,0,0
1782835267300,3550,0,0,0,0,0,0,0,0,0,0,0,0,0,0,0
1782835267552,3802,0,0,0,0,0,0,0,0,0,0,0,0,0,0,0
1782835267802,4052,0,0,0,0,0,0,0,0,0,0,0,0,0,0,0
1782835268053,4303,71497,361,0,0,5437,1678024,223,4108,223,1564751,17081,1575537,84,94744,139
1782835268305,4555,241852,1532,0,0,20806,4084834,864,15889,864,3595822,59096,3485599,196,569177,668
1782835268558,4808,500609,3128,0,0,40345,6341751,1710,31414,1710,5408621,123428,5113120,292,1169616,1418
1782835268809,5059,828136,5374,0,0,66605,9480209,2881,52465,2881,7888396,196544,7335789,388,2046350,2493
1782835269060,5310,1434209,8616,0,0,106486,13539956,4558,88033,4558,10976315,238904,9838345,500,3545165,4058
1782835269312,5562,2881341,12279,0,0,159362,18800966,6440,127003,6440,15039782,300900,12942045,600,5629571,5840
1782835269562,5812,3889646,16358,0,0,208901,24188534,8527,303773,8527,19377280,338235,16013665,696,7787406,7831
1782835269815,6065,4758445,21196,0,0,267974,28491026,10998,499884,10998,22432487,387141,18170519,800,9846342,10198
1782835270065,6315,5763948,26499,0,0,452393,34692123,13724,553442,13724,27171732,478683,21685119,948,12431193,12776
1782835270316,6566,7278314,31391,0,0,544550,39692828,16242,600181,16242,30981312,598575,24420297,1092,14608437,15150
1782835270566,6816,8338306,36689,0,0,609763,45709879,18969,710229,18969,35645437,725959,27744506,1248,17205579,17721
1782835270822,7072,9345168,41777,0,0,670290,51619055,21585,828186,21585,40117646,870908,30963589,1392,19804962,20193
1782835271072,7322,12118833,47076,0,0,732700,56382368,24311,877168,24311,43799917,973925,33733149,1546,21705375,22765
1782835271322,7572,13260803,52375,0,0,796491,62892230,27039,926910,27039,48894599,1155509,37590606,1702,24262815,25337
1782835271573,7823,14466119,57264,0,0,858951,68421821,29556,1243996,29556,53070817,1262398,40473527,1848,26819214,27708
1782835271824,8074,15990756,62783,0,0,938661,75535601,32394,1301713,32394,58413560,1534249,44186993,2005,30110214,30389
1782835272076,8326,17066122,67675,0,0,996255,79642651,34912,1346619,34912,61555988,1635440,46522455,2148,31796244,32764
1782835272327,8577,18659783,72975,0,0,1126726,86404217,37638,1399438,37638,66499954,1774082,49387555,2301,35557870,35337
1782835272577,8827,21480856,78272,0,0,1202869,93875775,40365,1455291,40365,71885842,1975874,52633542,2458,39679388,37907
1782835272828,9078,22652808,83379,0,0,1265919,100745690,42993,1554834,42993,77317119,2199263,56999717,2606,42090790,40387
1782835273078,9328,23988308,88271,0,0,1324933,106434717,45510,1600806,45510,81965089,2335811,60638799,2748,44054119,42762
1782835273329,9579,24981282,93568,0,0,1388749,112326739,48237,1650451,48237,86495119,2495608,64137617,2904,46352792,45333
1782835273579,9829,26282320,98866,0,0,1503808,119196540,50963,1703155,50963,91620573,2647088,67611465,3060,49590840,47903
1782835273829,10079,27410883,103978,0,0,1564403,124486203,53591,1750623,53591,95386359,2794195,70391471,3204,52010134,50387
1782835274080,10330,28390983,109275,0,0,1629166,130904588,56318,1800599,56318,100010879,3085958,73656128,3360,55068544,52958
1782835274330,10580,29941236,114165,0,0,1819227,137253608,58835,1848184,58835,105031545,3259042,76722327,3504,58260615,55331
1782835274580,10830,31292622,119464,0,0,1885651,142736285,61562,1921903,61562,109078227,3428539,79667117,3660,60701476,57902
1782835274831,11081,32478179,124579,0,0,1947235,147396138,64193,1970007,64193,112438851,3606476,82217381,3806,62719679,60387
1782835275081,11331,33480012,129879,0,0,2009423,152257932,66920,2019041,66920,115848500,3906660,84974355,3960,64731518,62960
1782835275332,11582,35457046,134770,0,0,2070247,159300069,69437,2065663,69437,120878394,4238341,89337720,4104,67321913,65333
1782835275582,11833,36984469,140071,0,0,2224767,165806401,72165,2207803,72165,125537512,4426821,92875210,4258,70185977,67907
1782835275833,12083,38424877,145182,0,0,2285064,171416674,74793,2254931,74793,129327362,4776194,95808448,4404,72773043,70389
1782835276083,12333,39774015,150480,0,0,2369897,177062570,77521,2304918,77521,133394743,5154688,99132501,4560,74926647,72961
1782835276335,12585,41141671,155370,0,0,2493615,183025228,80037,2352487,80037,137739302,5367555,102397591,4704,77444547,75333
1782835276585,12836,42332959,160669,0,0,2650702,189684298,82765,2404261,82765,142545329,5685014,105848326,4860,80446469,77905
1782835276836,13086,43218171,165787,0,0,2713429,194988680,85396,2452952,85396,146590827,5881906,108901158,5004,82605904,80392
1782835277086,13336,44132220,171085,0,0,2896493,200451753,88123,2501966,88123,150713003,6083487,112195358,5160,84681347,82963
1782835277337,13587,45481755,176382,0,0,3022750,207586588,90849,2553662,90849,155480762,6409951,115737130,5316,88176338,85533
1782835277588,13839,46661866,181275,0,0,3253480,214012102,93366,2603255,93366,160049753,6640520,119415751,5457,90735515,87909
1782835277839,14089,47556185,186792,0,0,3318112,219731112,96204,2654184,96204,164489354,6901439,122878093,5616,92894967,90588
1782835278091,14341,48590646,191682,0,0,3388427,224708529,98721,2700233,98721,168194886,7139530,125865119,5760,94798341,92961
1782835278341,14591,49626653,196980,0,0,3453264,231990655,101448,2750386,101448,173465168,7592372,130314123,5916,97535813,95532
1782835278592,14843,50654540,201870,0,0,3513463,238372178,103965,2852923,103965,177691860,8116486,133752059,6060,100332079,97905
1782835278843,15093,52107377,207395,0,0,3579062,244514808,106807,2905109,106807,182399884,8474850,137400730,6218,102728220,100589
1782835279093,15343,52947826,212286,0,0,3636485,249651237,109324,2951547,109324,185867760,8713377,140191600,6360,104987857,102964
1782835279345,15595,54227326,217585,0,0,3832611,256617267,112051,3004019,112051,190791099,9430705,144526153,6516,107520715,105535
1782835279595,15846,56596144,222641,0,0,3898251,263699422,114650,3053790,114650,196147753,9736059,148842285,6660,110132951,107990
1782835279845,16095,57602921,227992,0,0,3960908,269109158,117405,3103068,117405,200147230,10116321,152231815,6816,112059068,110589
1782835280096,16346,58758763,232882,0,0,4260302,274530219,119921,3150848,119921,204099948,10442008,155434528,6960,114187426,112961
1782835280346,16596,59906172,238181,0,0,4324883,280860480,122649,3200730,122649,208873560,10683654,159191447,7116,116650479,115533
1782835280597,16847,61452076,243481,0,0,4472375,287759298,125375,3250752,125375,213908259,11114860,163172191,7269,119473286,118106
1782835280847,17097,62537298,248592,0,0,4532902,293054491,128004,3298369,128004,217791579,11282023,166215088,7416,121635288,120588
1782835281098,17348,63936909,253889,0,0,5326328,298907241,130731,3348050,130731,222100237,11546498,169421359,7572,124187610,123159
1782835281348,17598,65343412,258781,0,0,5387613,305341245,133249,3395156,133249,226742659,11886694,173252837,7716,126700825,125533
1782835281599,17850,66582274,264080,0,0,5457053,313559821,135976,3447941,135976,232329334,12481148,177686532,7872,130307485,128104
1782835281849,18099,67683525,269192,0,0,5523436,319984444,138605,3498595,138605,237025787,12863469,181772874,8018,132550792,130587
1782835282100,18350,68668435,274490,0,0,5589722,325132156,141331,3549406,141331,240853198,13157976,184678273,8172,134697147,133159
1782835282350,18600,70082461,279381,0,0,5657641,331738063,143849,3599185,143849,245587936,13580692,188242134,8316,137529439,135533
1782835282601,18852,71307101,284682,0,0,5721609,339556021,146575,3649026,146575,251416677,13896598,192478554,8467,141016289,138108
1782835282851,19101,72521615,289793,0,0,5787309,346279386,149205,3699216,149205,256919340,14133937,197192632,8617,142931108,140588
1782835283101,19351,73395952,295092,0,0,5851024,352272335,151932,3748834,151932,261169123,14552791,200797120,8772,145225149,143160
1782835283352,19602,74503616,299982,0,0,5910286,357783607,154449,3795155,154449,265071389,14982515,203937489,8916,147450348,145533
1782835283602,19853,75542811,305284,0,0,5978935,367990832,157175,3846974,157175,271907017,15535089,208974498,9066,152521602,148109
1782835283853,20103,76435742,310396,0,0,6039780,373728452,159806,3894988,159806,276382107,15799504,212660477,9216,154482648,150590
1782835284104,20354,77661660,315695,0,0,6103632,380417297,162534,3944760,162534,281228415,16288979,216620229,9372,157117259,153162
1782835284355,20605,78889099,320585,0,0,6162261,386374177,165051,3990876,165051,285624090,16911703,220293281,9516,159313196,155535
1782835284606,20857,80746389,325883,0,0,6247800,394810402,167778,4042111,167778,291692754,17362149,224326514,9672,163619068,158106
1782835284856,21106,81630982,330986,0,0,6312511,400852403,170401,4091882,170401,295850841,17847270,227818668,9816,165957459,160585
1782835285107,21357,83006691,336284,0,0,6375450,407096370,173128,4141338,173128,300338722,18457983,231658372,9972,168268012,163156
1782835285357,21607,84470357,341582,0,0,6452304,415413165,175855,4445082,175855,306386904,19044136,236852445,10127,171266168,165728
1782835285607,21858,85864655,346473,0,0,6595544,421274933,178372,4491563,178372,310459567,19626330,240488061,10271,173390173,168101
1782835285858,22108,86901111,351591,0,0,6656986,427307177,181004,4539467,181004,315126316,19915284,244441551,10416,175378311,170588
1782835286108,22358,88197041,356889,0,0,6878690,433701387,183731,4591262,183731,319964997,20220061,248053662,10572,178062713,173159
1782835286358,22608,89372327,362187,0,0,6943251,439297951,186458,4641166,186458,323913582,20524604,251079022,10728,180539480,175730
1782835286609,22860,90870519,367079,0,0,7005943,445664380,188975,4689243,188975,328326784,21056937,254811481,10870,183078292,178105
1782835286859,23109,91973610,372237,0,0,7075332,452585784,191627,4740950,191627,333210480,21717689,259079717,11017,185634440,180610
1782835287110,23360,93035018,377535,0,0,7256434,458483793,194354,4795465,194354,337491847,22107110,262476503,11172,188018929,183182
1782835287362,23612,94380839,382833,0,0,7327719,465041263,197081,4848435,197081,341982111,22613959,266311378,11328,190641278,185753
1782835287612,23863,95405645,387723,0,0,7496410,471580497,199598,4896235,199598,346764557,22968502,269810744,11472,193590184,188126
1782835287863,24113,96403287,393196,0,0,7561771,478278858,202413,4947287,202413,351773661,23454043,273997524,11630,196004865,190783
1782835288114,24364,97401030,398087,0,0,7689505,484310463,204930,4995597,204930,356031518,23823491,277039602,11772,198902122,193158
1782835288365,24615,98694591,403387,0,0,7755190,490541476,207657,5057259,207657,360395010,24231010,280663431,11926,201413968,195731
1782835288615,24866,100066382,408686,0,0,8369833,496652546,210384,5106396,210384,365015618,24608257,284405731,12081,203687968,198303
1782835288866,25116,100884828,413802,0,0,8429746,502022774,213015,5153810,213015,369147355,24882922,287714856,12228,205659906,200787
1782835289118,25368,101924881,419100,0,0,8494047,509011557,215743,5203534,215743,374666198,25276894,292413315,12384,207855225,203359
1782835289369,25619,102988901,423991,0,0,8556243,515416195,218260,5251220,218260,379397822,25936019,296760317,12528,209823544,205732
1782835289619,25870,104091195,429292,0,0,8621980,522716858,220986,5301979,220986,384576724,26697732,300833220,12679,212811424,208307
1782835289870,26120,105081966,434395,0,0,8682899,528540088,223612,5360627,223612,388959222,27053612,304341897,12828,215035810,210784
1782835290121,26371,106355697,439692,0,0,8752633,534646239,226338,5413559,226338,393258871,27683755,308273127,12984,217111861,213354
1782835290372,26622,108163210,444583,0,0,8817267,541667120,228856,5462391,228856,398383705,28317841,312584667,13128,219729691,215728
1782835290623,26874,109865986,449884,0,0,8938530,549181226,231583,5513363,231583,403280283,29044216,316865029,13282,222868020,218301
1782835290873,27123,110679189,454998,0,0,8998080,554534958,234213,5560597,234213,407039998,29485383,320155328,13428,224841961,220785
1782835291125,27375,111915566,460296,0,0,9062807,560834366,236940,5610278,236940,411623224,29942972,324152328,13584,227049327,223356
1782835291375,27625,113139844,465266,0,0,9124237,567372925,239497,5658066,239497,416361393,30641233,328352398,13728,229297650,225769
1782835291626,27877,114294421,470486,0,0,9192225,574494308,242185,5709707,242185,421380987,31259442,332623800,13884,232050145,228301
1782835291876,28126,115946619,475601,0,0,9791293,581755963,244816,5761171,244816,426323818,31882242,336822277,14030,235016352,230786
1782835292126,28376,117002406,480900,0,0,9853471,587629308,247542,5810520,247542,430131787,32651286,340197153,14184,237421386,233358
1782835292377,28627,118363363,485791,0,0,10045388,594675504,250060,5861485,250060,434998697,33370685,344348531,14328,240221452,235732
1782835292627,28878,119735782,491092,0,0,10588852,600947550,252787,5913196,252787,439193969,33928602,347606213,14482,243138695,238305
1782835292878,29128,120370144,495382,0,0,10639345,605807518,254993,5952974,254993,442930957,34218474,350395884,14604,245133165,240389
1782835293259,29509,120370144,495382,0,0,10639345,605807518,254993,5952974,254993,442930957,34218474,350395884,14604,245133165,240389
1782835293559,29809,120370144,495382,0,0,10639345,605807518,254993,5952974,254993,442930957,34218474,350395884,14604,245133165,240389
1782835294004,30254,120438873,495717,0,0,10645391,606323412,255166,5957616,255166,443292863,34256135,350707122,14616,245328925,240550
1782835294255,30505,120438873,495717,0,0,10645391,606323412,255166,5957616,255166,443292863,34256135,350707122,14616,245328925,240550
1782835294719,30970,120438873,495717,0,0,10645391,606323412,255166,5957616,255166,443292863,34256135,350707122,14616,245328925,240550
1782835295131,31381,120442201,495719,0,0,10645628,606374963,255167,5957774,255167,443329647,34267971,350758549,14617,245328925,240550
1782835295382,31632,120442201,495719,0,0,10645628,606374963,255167,5957774,255167,443329647,34267971,350758549,14617,245328925,240550
1782835295805,32055,120442201,495719,0,0,10645628,606374963,255167,5957774,255167,443329647,34267971,350758549,14617,245328925,240550
1782835296056,32306,120488660,496056,0,0,10651158,608157976,255396,5961981,255396,444843082,34425153,352455808,14737,245406713,240659
1782835296309,32559,121061830,498735,0,0,10686518,615645417,256906,5989655,256906,450834519,35151052,358904873,15079,246331058,241827
1782835296560,32810,122134730,503492,0,0,10745944,624556967,259448,6036131,259448,458019246,35896281,365804195,15406,248254969,244042
1782835296812,33062,123476680,509605,0,0,10823169,634088249,262650,6164471,262650,465411088,36554123,372697806,15697,250779743,246953
1782835297062,33312,124999403,518105,0,0,10926458,646400036,267054,6244158,267054,474425861,37440941,380638514,16004,254940474,251050
1782835297312,33562,127100297,528267,0,0,11053828,660200668,272286,6633862,272286,484258921,38199842,389079169,16306,259884411,255980
1782835297563,33813,129609140,540197,0,0,11322972,675233098,278398,6748706,278398,494918468,39242518,397143947,16602,266630958,261796
1782835297813,34063,132234844,554269,0,0,11493252,691005933,285586,6922456,285586,505707312,40177140,404985218,16904,274222992,268682
1782835298063,34313,135459772,569373,0,0,12746334,712138331,293332,7250492,293332,520885925,41958910,416447311,17292,283616679,276040
1782835298314,34564,139909482,584866,0,0,12966994,738782779,301305,7648754,301305,541249171,44127472,432292983,17745,294128224,283560
1782835298565,34815,143645661,600357,0,0,13171892,762011931,309276,7800634,309276,556832701,46103320,444750871,18196,304505199,291080
1782835298815,35065,148420598,616086,0,0,13438637,788086239,317367,8246721,317367,574767185,48529229,459819640,18648,315218064,298719
1782835299066,35316,152995809,631574,0,0,13854101,809300874,325338,8805742,325338,588600134,50205724,472254875,19104,323608720,306234
1782835299317,35567,156625696,646868,0,0,16069201,833097450,333207,9498344,333207,604867825,52178548,485043140,19549,334281507,313658
1782835299567,35817,160789399,662151,0,0,16265666,859220091,341072,9724300,341072,621312364,56138963,500884530,19994,344071599,321078
1782835299817,36067,164054664,677721,0,0,16461355,880592012,349086,9953527,349086,636686644,57827620,513694838,20450,352285607,328636
1782835300068,36318,167800928,693214,0,0,16656087,901926891,357056,10101754,357056,651181629,60156724,527017857,20899,360014666,336157
1782835300319,36569,172793512,708704,0,0,18209717,926304256,365029,10249408,365029,668352367,62451295,542615333,21354,368185506,343675
1782835300569,36819,176004611,724197,0,0,18406811,948428078,372998,10486551,372998,682744902,65931059,555846383,21801,376554348,351197
1782835300820,37070,179092497,739756,0,0,18599915,969908619,381009,10735464,381009,697071606,68359444,569037452,22263,384382338,358746
1782835301071,37321,182754377,755040,0,0,18850802,990657680,388871,10880045,388871,711729141,70437545,581756417,22705,392005847,366166
1782835301322,37572,186500059,770470,0,0,20767528,1011862770,396807,11028483,396807,726483086,72662588,594231218,23147,400265076,373660
1782835301572,37822,191712742,786235,0,0,21026739,1036367596,404921,11178273,404921,741720677,76022174,608908329,23609,409401837,381312
1782835301823,38073,196153707,801565,0,0,24140647,1058833265,412812,11325403,412812,755699223,79337581,621772514,24059,418720611,388753
1782835302073,38323,199814463,817056,0,0,24593921,1081129352,420782,11641743,420782,770682962,81912994,634510760,24509,427634974,396273
1782835302323,38573,203990545,832551,0,0,25286506,1106765020,428754,11790814,428754,788074864,85299156,651239887,24957,436172994,403797
1782835302574,38824,207806656,848041,0,0,27634698,1131787062,436725,11937065,436725,804310889,87611061,666017495,25411,445974814,411314
1782835302824,39074,211156894,863370,0,0,28169209,1155658909,444614,12146252,444614,819423599,91187455,680376073,25859,455090795,418755
1782835303074,39324,215109780,878860,0,0,28626261,1177827969,452586,12292993,452586,834912474,94220208,693719017,26314,463441060,426272
1782835303324,39574,218617832,894357,0,0,29814253,1200021270,460557,12439179,460557,849625929,97127731,708113123,26759,470900422,433798
1782835303575,39825,223687114,909850,0,0,32845960,1224863552,468529,12592255,468529,863716501,102080372,723249260,27209,480314316,441320
1782835303826,40076,227605511,925522,0,0,35249949,1250660394,476596,12899979,476596,881467819,105469380,739367971,27671,489524624,448925
1782835304077,40327,231110646,941012,0,0,35523061,1272623720,484566,13045664,484566,896414474,108391171,753085690,28121,497412767,456445
1782835304327,40577,235253203,956506,0,0,35728872,1294272721,492537,13197831,492537,910926643,111093541,766348933,28569,505508151,463968
1782835304578,40828,238521543,971992,0,0,37454187,1317013770,500510,13424837,500510,924595946,115423933,781693095,29028,512626277,471482
1782835304828,41078,242079846,987389,0,0,38021965,1340440901,508431,13567847,508431,939391943,119057363,797805940,29474,519603601,478957
1782835305078,41328,244274448,1002879,0,0,39370984,1366930616,516404,13715122,516404,953908351,122421452,815200391,29928,527723908,486476
1782835305328,41578,246453274,1018372,0,0,40887433,1391044080,524375,13857981,524375,967965463,125680108,830389349,30380,536184434,493995
1782835305579,41829,248827739,1033480,0,0,41084799,1415286881,532146,14097159,532146,981149091,129677542,847382389,30814,543071831,501332
1782835305829,42079,251214750,1049168,0,0,41296896,1444389517,540220,14253080,540220,998319876,134345328,866059196,31272,553201432,508948
1782835306079,42329,253739388,1064660,0,0,41615998,1469080386,548190,14464563,548190,1012887352,137856767,883438986,31721,560141450,516469
1782835306330,42580,255666315,1080150,0,0,41822827,1495811817,556161,14606926,556161,1028043079,141954711,900246474,32174,569793546,523987
1782835306580,42830,258202133,1095641,0,0,44154521,1521618948,564134,14846561,564134,1042980082,146029454,918555407,32629,577008088,531505
1782835306830,43080,260771170,1110971,0,0,44601196,1547495073,572021,14992702,572021,1057937215,149651596,935806682,33072,585097262,538949
1782835307081,43331,262596045,1126465,0,0,46380533,1568183172,579995,15132007,579995,1069977372,152920500,950157989,33524,591128594,546471
1782835307331,43581,265000007,1141955,0,0,46573826,1593782881,587965,15429292,587965,1084991136,157096975,967882026,33975,598612808,553990
1782835307582,43833,267436408,1157449,0,0,46798541,1618664057,595936,15717987,595936,1097940800,160494183,983256548,34423,607431987,561513
1782835307833,44083,270225952,1172803,0,0,46990852,1643777436,603838,15860082,603838,1112801453,164154750,1000617808,34874,614903972,568964
1782835308083,44333,273260602,1188295,0,0,49557893,1666089602,611808,16126489,611808,1125330697,167389449,1015603543,35323,621952727,576485
1782835308334,44584,276230943,1203788,0,0,53438469,1692573009,619780,16276283,619780,1140172927,171113608,1032653340,35774,630893851,584006
1782835308584,44835,278203938,1219278,0,0,53655132,1715393724,627752,16423504,627752,1153190178,174572636,1048463215,36227,637625022,591525
1782835308835,45085,281005076,1235001,0,0,53849728,1741231796,635842,16569031,635842,1170449399,176827692,1063957349,36685,647612673,599157
1782835309085,45335,283461094,1250494,0,0,55135621,1767779142,643815,16727768,643815,1185494797,180248430,1081924480,37137,655336770,606678
1782835309336,45586,285273301,1265985,0,0,55332768,1791399241,651787,16872791,651787,1199467844,183718644,1097366942,37591,662586931,614196
1782835309586,45837,287757999,1281478,0,0,57330979,1817249074,659759,17621594,659759,1214067801,188275102,1114481545,38041,670950815,621718
1782835309837,46087,290643554,1296825,0,0,61214375,1847585432,667655,17767019,667655,1231704673,193198038,1135045085,38487,680432657,629168
1782835310087,46337,293549116,1312320,0,0,61520338,1871582712,675626,17911116,675626,1245181176,198063542,1151671969,38933,687529653,636693
1782835310338,46588,296308355,1327810,0,0,62090122,1896324504,683598,18054231,683598,1259981664,202327609,1168573241,39387,695011628,644211
1782835310588,46839,298739279,1343301,0,0,62608199,1925559509,691568,18352564,691568,1275738899,207877933,1189122855,39836,703070897,651732
1782835310838,47088,300804427,1358636,0,0,62795267,1946768220,699462,18620664,699462,1288521664,210677990,1202990042,40289,710066568,659173
1782835311089,47339,303410105,1374130,0,0,65468857,1969406584,707433,18764980,707433,1301916328,213707988,1218344087,40737,717079162,666696
1782835311340,47590,306185591,1389622,0,0,67913117,1992971229,715405,18926584,715405,1315388341,218086860,1234996710,41189,723567952,674216
1782835311591,47842,308332443,1405112,0,0,68925624,2016173545,723376,19069093,723376,1328189110,222000245,1250789720,41641,730589095,681735
1782835311841,48091,310878841,1420856,0,0,69117756,2041084482,731477,19517238,731477,1342261468,226482340,1268275515,42099,737743374,689378
1782835312093,48343,314219621,1436349,0,0,69499342,2065806412,739447,19929820,739447,1355960276,230736749,1285039630,42547,745159637,696900
1782835312343,48593,316461541,1451837,0,0,69718729,2090503333,747419,20078936,747419,1371044457,235108134,1302641787,43003,751972055,704416
1782835312594,48845,319916244,1467329,0,0,69973483,2112912762,755390,20221294,755390,1384649222,238347100,1317304812,43452,759447599,711938
1782835312844,49094,324215191,1482640,0,0,70387021,2140570593,763267,20424648,763267,1400491575,245312657,1335558284,43896,768574650,719371
1782835313095,49345,327829941,1498131,0,0,73991427,2165339026,771238,20570919,771238,1414957891,250455129,1352013792,44346,776387236,726892
1782835313346,49596,332222699,1513622,0,0,74547873,2197138985,779210,20874506,779210,1433539269,257512646,1372767075,44800,786606403,734410
1782835313597,49848,335844024,1529115,0,0,77105286,2219294838,787182,21118159,787182,1447822982,260738490,1386916342,45250,794332883,741932
1782835313847,50097,338650400,1544831,0,0,80162553,2242184259,795271,21267519,795271,1461078241,264794437,1402000953,45712,801788281,749559
1782835314099,50349,342014943,1560323,0,0,83773464,2265105946,803242,21472781,803242,1474904092,268368646,1416724961,46162,809632104,757080
1782835314349,50599,344898989,1575817,0,0,85899102,2290192433,811213,21619575,811213,1489283965,271989323,1434396564,46610,816667168,764603
1782835314600,50851,348130040,1590967,0,0,86091814,2316390171,819010,21773233,819009,1504559642,275474719,1450721703,47054,826265700,771956
1782835314851,51101,350681142,1606606,0,0,86292853,2343044633,827058,21920791,827058,1519899537,280542380,1468420145,47512,834833954,779546
1782835315101,51351,353721216,1622098,0,0,88505799,2366965321,835030,22135339,835030,1533863630,284184906,1484654714,47962,842252193,787068
1782835315352,51602,358076296,1637593,0,0,88704526,2394882996,843001,22280181,843001,1549229319,288666504,1503664538,48410,850798022,794591
1782835315602,51853,360734480,1653083,0,0,89234926,2418895492,850972,22422666,850972,1563847877,291649323,1519714772,48863,858384482,802109
1782835315853,52103,362706490,1668391,0,0,92241617,2441728537,858846,22563392,858846,1578239359,294308971,1534273207,49304,865965395,809542
1782835316103,52353,365450347,1683872,0,0,92426421,2463020619,866814,22710788,866814,1590878275,297980927,1548846551,49758,872306993,817056
1782835316354,52604,367751170,1699363,0,0,92630449,2492220857,874787,23092822,874787,1607989814,302735554,1568568117,50212,881234590,824575
1782835316606,52857,370328828,1715263,0,0,92830949,2521411045,882968,23239173,882967,1626029819,307834380,1587949386,50674,890617872,832293
1782835316856,53106,372645961,1730608,0,0,93018080,2547327300,890863,23377872,890862,1640069922,312108844,1605271868,51117,898945538,839745
1782835317107,53357,374424691,1746100,0,0,93714981,2571443541,898835,23532009,898834,1652665870,315970151,1621783464,51570,906138511,847264
1782835317357,53607,377034739,1761590,0,0,95717669,2596394362,906806,23672481,906805,1668302710,319707533,1639675380,52022,912829533,854783
1782835317608,53859,380184925,1777083,0,0,96011919,2619830224,914779,23876968,914778,1681521874,323038498,1654800026,52474,920803039,862304
1782835317858,54108,382910262,1792390,0,0,96364552,2641617485,922657,24645349,922656,1694463363,326432685,1669831327,52924,927136806,869732
1782835318108,54358,386265374,1807883,0,0,96559087,2664995703,930627,24788935,930626,1707436523,329916249,1685030052,53370,935024759,877256
1782835318359,54609,388206604,1823375,0,0,98150483,2687586687,938599,24988718,938598,1719979214,334316927,1701010178,53823,941368546,884775
1782835318609,54860,390246093,1838869,0,0,98338620,2710297372,946569,25129685,946568,1733320068,338016870,1715907900,54270,948913445,892298
1782835318859,55109,392480887,1854609,0,0,98536041,2733425877,954672,25273635,954671,1747822117,340909917,1732429156,54736,955030713,899935
1782835319111,55361,394497689,1869724,0,0,98724443,2757088500,962447,25414178,962446,1762633078,343693302,1747558440,55172,963296530,907274
1782835319361,55611,396428402,1885186,0,0,98985551,2783216167,970404,25569027,970403,1776115385,347267912,1765116946,55621,971241987,914782
1782835319612,55863,398952174,1900678,0,0,99191807,2809479493,978375,25711494,978374,1791947533,351819984,1783403100,56073,978843789,922301
1782835319862,56112,400956929,1916413,0,0,99485371,2838593225,986472,25859423,986471,1807519038,356864849,1804768495,56530,986216324,929941
1782835320113,56363,403123689,1931906,0,0,102140624,2862314359,994442,25999403,994441,1822063397,359852324,1820003247,56978,994432765,937463
1782835320364,56614,405858190,1946990,0,0,102410508,2889629573,1002205,26296247,1002204,1836250278,365708643,1838292112,57422,1002929594,944782
1782835320614,56865,408247747,1962888,0,0,107939297,2911502118,1010387,26442461,1010385,1847802888,370783199,1853438625,57886,1009349989,952499
1782835320865,57115,410317190,1978207,0,0,108260730,2934836123,1018270,26646316,1018268,1861378064,373875427,1868691251,58330,1017158213,959938
1782835321130,57380,410677471,1980245,0,0,108286583,2938460545,1019318,26664866,1019316,1863506312,374525961,1871349315,58390,1018088936,960926
1782835321380,57630,410677471,1980245,0,0,108286583,2938460545,1019318,26664866,1019316,1863506312,374525961,1871349315,58390,1018088936,960926
1782835321636,57887,410677471,1980245,0,0,108286583,2938460545,1019318,26664866,1019316,1863506312,374525961,1871349315,58390,1018088936,960926
1782835322007,58257,410761484,1980636,0,0,108296044,2939400256,1019519,26672268,1019517,1864144458,374619946,1871915584,58402,1018448338,961115
1782835322440,58690,410761484,1980636,0,0,108296044,2939400256,1019519,26672268,1019517,1864144458,374619946,1871915584,58402,1018448338,961115
1782835322721,58972,410761484,1980636,0,0,108296044,2939400256,1019519,26672268,1019517,1864144458,374619946,1871915584,58402,1018448338,961115
1782835323035,59285,410761484,1980636,0,0,108296044,2939400256,1019519,26672268,1019517,1864144458,374619946,1871915584,58402,1018448338,961115
1782835323362,59612,410761484,1980636,0,0,108296044,2939400256,1019519,26672268,1019517,1864144458,374619946,1871915584,58402,1018448338,961115
1782835323634,59885,410761484,1980636,0,0,108296044,2939400256,1019519,26672268,1019517,1864144458,374619946,1871915584,58402,1018448338,961115
1782835323957,60207,410761484,1980636,0,0,108296044,2939400256,1019519,26672268,1019517,1864144458,374619946,1871915584,58402,1018448338,961115
1782835324207,60457,411206774,1982793,0,0,108494740,2953533033,1020849,26696448,1020847,1871640869,376071680,1885125527,58904,1019113204,961943
1782835324457,60707,412123515,1989022,0,0,108589283,2973279025,1024268,26760707,1024266,1881740727,378720339,1902452282,59514,1021409471,964752
1782835324708,60959,413720516,1998986,0,0,108719667,2995556795,1029551,26851794,1029549,1894223192,381503948,1920256741,60115,1025708687,969434
1782835324959,61209,415642482,2012990,0,0,109027038,3020853939,1036863,26980365,1036861,1908447245,384297525,1940065826,60734,1030951215,976127
1782835325210,61460,418392379,2030420,0,0,109245264,3050948118,1045874,27262184,1045872,1926424358,387634415,1963264645,61327,1037543274,984545
1782835325460,61710,422824133,2051584,0,0,109808364,3097804528,1056749,27454444,1056747,1955132935,392557895,1996993847,61914,1049937782,994833
1782835325711,61962,428424195,2076474,0,0,111361851,3173836016,1069491,28281989,1069489,1998352525,402287298,2049577458,62508,1071740447,1006981
1782835325963,62213,436160048,2104875,0,0,113377944,3268190695,1083993,28615106,1083991,2050692272,413088250,2112203155,63110,1101107358,1020881
1782835326215,62465,443355039,2125666,0,0,122765560,3462463348,1094656,28863950,1094629,2171882820,447385662,2217913468,63617,1174389399,1031012
1782835326467,62717,453991524,2156279,0,0,147772708,3559689207,1110403,29133303,1110369,2219030333,467924001,2301937517,64486,1186923972,1045883
1782835326720,62971,462491347,2187846,0,0,148505548,3638092860,1126656,29418603,1126622,2257096627,487138491,2355694019,65427,1210344598,1061195
1782835326971,63221,477573524,2216574,0,0,148984424,3756114170,1141443,29682997,1141384,2303306730,504482976,2424300148,66243,1250130410,1075141
1782835327225,63475,516463072,2244948,0,0,149352285,3886450834,1156057,29955188,1155983,2376552510,518815112,2502575356,67074,1297673078,1088909
1782835327476,63726,529651333,2275153,0,0,158783698,4003303122,1171605,30912118,1171528,2446915800,538797860,2583797526,67960,1327661443,1103568
1782835327727,63978,536697988,2304251,0,0,171548004,4090394364,1186581,31196369,1186504,2491926450,552426517,2638088029,68816,1359844954,1117688
1782835327978,64228,552068285,2332893,0,0,182153453,4257173710,1201315,31452412,1201226,2598264878,580989724,2760539625,69631,1401388488,1131595
1782835328238,64488,557066577,2364530,0,0,192632630,4361442093,1217599,31744564,1217415,2655775412,588466956,2835784700,70460,1426936051,1146955
1782835328489,64739,568907161,2394601,0,0,200262758,4431619006,1233063,32127437,1232873,2693620819,594946978,2884860200,71311,1447363469,1161562
1782835328746,64997,572066957,2422716,0,0,204866443,4561723567,1247534,32395537,1247344,2744652798,634697895,2961609619,72137,1483530681,1175207
1782835328998,65248,580140917,2450003,0,0,224584789,4680641043,1261591,32680898,1261349,2809572768,645041550,3037176198,72911,1523969384,1188438
1782835329249,65499,605899718,2477571,0,0,226228862,4813411203,1275744,32949042,1275490,2894895745,661434284,3107513978,73636,1581317733,1201854
1782835329499,65749,627921321,2507830,0,0,232656836,4900068091,1291353,33231412,1291093,2931386534,678706622,3167290121,74586,1607512280,1216507
1782835329750,66000,636125090,2536637,0,0,240133964,4993707768,1306238,33507268,1305975,2960180781,701372847,3223842676,75545,1644033814,1230430
1782835330001,66251,639435990,2566807,0,0,252470086,5045052046,1321760,33795767,1321485,2985702708,709822065,3254806618,76406,1663639168,1245079
1782835330256,66506,642850813,2596964,0,0,257127425,5144582677,1337288,34091120,1337001,3039878688,722924427,3335018749,77292,1681732466,1259709
1782835330506,66756,676471391,2624737,0,0,270498502,5248556224,1351577,34349836,1351286,3101518055,740891884,3411247074,78094,1707946723,1273192
1782835330756,67006,684236494,2652487,0,0,286587944,5372874225,1365859,34600816,1365536,3169313480,758474608,3484078238,78868,1749831700,1286668
1782835331008,67257,693976885,2680006,0,0,299288065,5532937662,1380041,34936564,1379668,3236621202,794554850,3576199232,79663,1811671801,1300005
1782835331258,67508,717242692,2710701,0,0,307365266,5647646929,1395752,35392242,1395379,3298058933,810909461,3656218368,80391,1845802422,1314988
1782835331510,67760,722834422,2736097,0,0,326665320,5812780984,1408850,39277707,1408459,3380006123,844185358,3783645365,81163,1882626037,1327296
1782835331760,68010,729339065,2764637,0,0,337930668,5926449904,1423522,39623611,1423129,3431006971,865842333,3859711972,81968,1917519443,1341161
1782835332011,68261,768723982,2791804,0,0,340717137,6116229986,1437572,39878025,1437149,3524972664,911148411,3982009103,82868,1980452041,1354282
1782835332267,68517,794307542,2814542,0,0,344926259,6328098448,1449293,40098990,1448839,3627003312,969125292,4134627292,83538,2033214920,1365301
1782835332517,68767,804794864,2844800,0,0,357811821,6510535503,1464881,40390256,1464409,3733825797,1013898051,4254250998,84434,2095084164,1379975
1782835332768,69018,813490648,2871112,0,0,373384043,6702960501,1478445,41852661,1477944,3805973206,1046647541,4380898864,85215,2159472109,1392729
1782835333019,69269,830439236,2901009,0,0,374131310,6829745340,1493850,42139781,1493336,3869903414,1073265807,4462405552,86112,2202920825,1407224
1782835333270,69520,840494856,2929038,0,0,386874478,6986356020,1508295,42406603,1507771,3967879840,1108633039,4575616302,86966,2245557218,1420805
1782835333522,69772,857103952,2959359,0,0,389500522,7133598209,1523848,42714092,1523300,4036450694,1147735211,4670162171,87728,2284061636,1435572
1782835333773,70023,859910914,2981354,0,0,404680984,7301042533,1535120,42952608,1534533,4113003523,1163986643,4761468883,88231,2359138284,1446302
1782835334026,70276,906432309,3007006,0,0,406191477,7408227720,1548367,43200997,1547761,4153449020,1195064392,4837622295,89053,2389383926,1458708
1782835334277,70527,936213309,3028253,0,0,424883490,7555842815,1559350,43573159,1558655,4222434232,1205183789,4908528552,89683,2437550615,1468972
1782835334535,70785,945378816,3058005,0,0,425309318,7711873181,1574749,43857214,1573972,4285150282,1261329816,5023823379,90646,2471460322,1483326
1782835334790,71040,973965263,3079100,0,0,446449676,7853502920,1585581,44054627,1584784,4349321560,1293284831,5110583683,91196,2501302876,1493588
1782835335044,71294,985640884,3105331,0,0,452083110,8052119491,1599085,44298669,1598228,4445552663,1344993000,5248636579,91904,2558348040,1506324
1782835335296,71546,1004761116,3134915,0,0,466202299,8223658072,1614310,44577046,1613437,4519425031,1379058128,5337014445,92752,2640592136,1520685
1782835335550,71800,1044220147,3156243,0,0,469540542,8372871607,1625360,45278144,1624463,4601646018,1410219760,5410286553,93493,2712501286,1530970
1782835335804,72054,1054698705,3187257,0,0,489886572,8547544346,1641355,46212368,1640367,4702281981,1448372705,5506397319,94378,2787478828,1545989
1782835336054,72304,1063654736,3214584,0,0,505592198,8676777485,1655446,47169828,1654440,4773235576,1476719397,5588676944,95216,2824382778,1559224
1782835336311,72561,1078865994,3244247,0,0,513914734,8805695507,1670795,47451738,1669705,4827653710,1501882760,5662714940,96167,2872721396,1573538
1782835336565,72815,1094462833,3272754,0,0,514330198,8932541041,1685567,47747221,1684465,4889661259,1525441470,5753051363,97192,2906608928,1587273
1782835336824,73074,1105989001,3301889,0,0,515877743,9043453323,1700577,48094734,1699431,4944418124,1547219809,5831778954,98031,2936783715,1601400
1782835337075,73325,1116523831,3330350,0,0,525027292,9173201851,1715286,50404201,1714060,5011524344,1582456340,5919437117,98907,2969469942,1615153
1782835337326,73576,1129416361,3356396,0,0,530324301,9343909468,1728711,50872673,1727471,5084720651,1624077773,6056068461,99695,3000184490,1627776
1782835337582,73833,1142239698,3385530,0,0,555713977,9498975383,1743803,51571069,1742492,5150288421,1664976325,6150320749,100675,3049974954,1641817
1782835337850,74100,1146025051,3413213,0,0,559027058,9563670691,1758119,51847644,1756798,5188669247,1673400029,6197535577,101615,3066698523,1655183
1782835338100,74350,1154607164,3440951,0,0,575484743,9624050223,1772525,52114143,1771161,5213629715,1683161710,6233082652,102648,3090352519,1668513
1782835338351,74601,1160507154,3464866,0,0,603274378,9776871145,1784936,52358175,1783503,5297029227,1715659375,6324774433,103482,3147420053,1680021
1782835338605,74856,1174713580,3490916,0,0,609089710,9946293906,1798442,52609933,1796992,5385469148,1759232848,6445663323,104422,3192419958,1692570
1782835338856,75106,1190046439,3519550,0,0,623874265,10093088578,1813214,53080047,1811754,5465997993,1792230524,6549530784,105320,3229480339,1706434
1782835339108,75358,1212611281,3548610,0,0,626609335,10170068952,1828179,53385525,1826676,5503665293,1805838655,6603096400,106147,3250699922,1720529
1782835339359,75609,1215051044,3569363,0,0,626880690,10251487987,1838880,53586811,1837334,5533146640,1819446286,6643428374,106752,3290007034,1730582
1782835339615,75866,1218945982,3592544,0,0,636178959,10386678971,1850844,53817703,1849264,5583317526,1832399908,6738108041,107461,3329472106,1741803
1782835339871,76121,1222113152,3617307,0,0,644392588,10510682577,1863632,54085517,1862038,5661535815,1845478831,6828365344,108259,3362494785,1753779
1782835340129,76379,1227606281,3647371,0,0,648789298,10554744388,1879055,57947307,1877444,5681392936,1853839644,6860045577,109023,3373999557,1768421
1782835340384,76634,1234793023,3674784,0,0,657737935,10671143131,1893213,61060994,1891556,5714286744,1901518760,6944767448,109881,3403091099,1781675
1782835340634,76885,1247978412,3704091,0,0,671908493,10803908435,1908333,61349783,1906662,5770612830,1922095406,7040909774,110800,3438622507,1795862
1782835340884,77134,1255522148,3723938,0,0,692555109,10981548396,1918626,66787460,1916929,5864423855,1973624328,7170181792,111500,3475583408,1805429
1782835341135,77385,1288699317,3750603,0,0,700285284,11105577209,1932410,67048473,1930665,5914521940,2004386689,7247343247,112358,3511752258,1818307
1782835341387,77637,1296939763,3775420,0,0,712880270,11303714547,1945277,71146704,1943433,6005355780,2023820080,7393559570,113172,3559706774,1830261
1782835341641,77892,1306322133,3800751,0,0,719243380,11480504240,1958393,71400831,1956469,6114683478,2046057208,7515607946,113994,3608570939,1842475
1782835341892,78142,1312409430,3827077,0,0,728116707,11671564158,1971927,71800664,1969957,6177271872,2079305844,7618809010,114683,3694784510,1855274
1782835342145,78395,1347480144,3845929,0,0,748826480,11840721513,1981724,73062573,1979682,6240573693,2127431062,7710540115,115352,3743493544,1864330
1782835342402,78652,1353870912,3857353,0,0,782014987,12058357312,1987612,73173606,1985483,6307407897,2217699919,7853362822,115606,3810243050,1869877
1782835342653,78904,1388691724,3881121,0,0,800060943,12228938087,1999907,73401098,1997655,6382350687,2266059502,7942819981,116306,3864946455,1881349
1782835342906,79156,1408678664,3912950,0,0,817704473,12451720665,2016390,75481478,2014028,6489324806,2308440898,8101147844,117328,3920415957,1896700
1782835343194,79444,1410519579,3926270,0,0,819109301,12670507936,2023264,77315857,2020845,6657755626,2317425968,8161819921,117697,4072017117,1903148
1782835343447,79697,1421888673,3946295,0,0,824224038,12890611012,2033631,77511574,2031072,6732706596,2336117636,8266074366,118267,4168204797,1912805
1782835343698,79949,1432734226,3970390,0,0,826553798,13106122106,2046134,77810968,2043513,6832848325,2374867799,8414974986,119104,4223006953,1924409
1782835343949,80199,1442165153,3996019,0,0,865278944,13260462127,2059366,80160803,2056655,6908297070,2405187267,8513691389,119854,4272321702,1936801
1782835344212,80462,1449617478,4019182,0,0,869730818,13489460167,2071543,80497002,2068667,7016090689,2431322058,8678004799,120878,4325070909,1947789
1782835344464,80714,1457729305,4044628,0,0,884872974,13634522937,2084638,81032112,2081637,7088682952,2458402213,8772509771,121498,4369846158,1960139
1782835344716,80967,1480325554,4073541,0,0,940543109,13790905371,2099420,81307381,2096297,7152922192,2473344489,8870018493,122021,4425671721,1974276
1782835344968,81218,1499855848,4092111,0,0,956377423,14001859450,2109152,81503068,2105937,7232821763,2524070980,9029224715,122826,4459121163,1983111
1782835345219,81469,1511402842,4119205,0,0,968053876,14209962012,2123136,81822862,2119775,7353957760,2562218037,9173683040,123543,4506301333,1996232
1782835345470,81720,1524822992,4143597,0,0,968405153,14406399324,2135929,83435308,2132415,7419416712,2610231392,9308432708,124577,4556709773,2007838
1782835345720,81971,1541312578,4170431,0,0,991775054,14528833731,2149759,83830217,2146206,7493303688,2621911526,9379142225,125365,4601023386,2020841
1782835345973,82223,1566441608,4190148,0,0,1026315154,14676998894,2160061,87118148,2156373,7594389810,2643703787,9480213021,126117,4642305127,2030256
1782835346224,82474,1573309930,4218034,0,0,1026686380,14861748623,2174499,88485837,2170713,7707952426,2664477241,9601779124,127008,4701470624,2043705
1782835346474,82724,1579508029,4243558,0,0,1051998021,15017340859,2187789,88742543,2183968,7782719617,2702748502,9718901086,128029,4738814716,2055939
1782835346725,82976,1598070444,4273254,0,0,1054030342,15145496036,2203065,89026178,2199195,7841902286,2713401179,9806836941,128835,4777278739,2070360
1782835346990,83240,1612585371,4296946,0,0,1062796771,15311552409,2215314,89249358,2211356,7899067452,2738531351,9911750178,129545,4827221286,2081811
1782835347246,83496,1625593899,4323614,0,0,1070869250,15477338563,2229058,89499199,2224951,7981525951,2772760345,9985752033,130201,4893788665,2094750
1782835347502,83752,1633677968,4351790,0,0,1073528660,15633796834,2243502,89779011,2239328,8089663607,2783570910,10072384917,130848,4959890430,2108480
1782835347755,84005,1656669980,4380726,0,0,1088689506,15738317622,2258477,90101165,2254221,8143066242,2799146055,10127570671,131772,5000063990,2122449
1782835348006,84256,1660053530,4408923,0,0,1102552472,15774204694,2273011,90374824,2268716,8159769785,2804873602,10149572998,132604,5012732938,2136112
1782835348257,84507,1666839108,4431224,0,0,1102861691,15852086226,2284528,90624224,2280190,8187077106,2808795610,10208200346,133294,5028173647,2146896
1782835348508,84758,1670479993,4462085,0,0,1139833847,15907755741,2300446,90920746,2296107,8207644759,2817305216,10239883750,134265,5051568182,2161842
1782835348759,85009,1674035150,4485329,0,0,1164619872,16041268862,2312431,91156002,2308058,8262767619,2882366669,10355864059,134954,5067998167,2173104
1782835349012,85262,1681564737,4513664,0,0,1169977960,16136595016,2327013,91444445,2322588,8297719602,2895339763,10418264291,135729,5098108061,2186859
1782835349373,85623,1682709310,4522409,0,0,1170110022,16245891792,2331544,91536695,2326997,8324564627,2896999380,10427033660,135923,5121916327,2191074
1782835349683,85934,1682709310,4522409,0,0,1170110022,16245891792,2331544,91536695,2326997,8324564627,2896999380,10427033660,135923,5121916327,2191074
1782835349946,86196,1682751219,4522501,0,0,1170114707,16281963104,2331611,91538136,2327023,8324789188,2897059084,10427165832,135930,5121963212,2191093
1782835350208,86458,1682751219,4522501,0,0,1170114707,16281963104,2331611,91538136,2327023,8324789188,2897059084,10427165832,135930,5121963212,2191093
1782835350468,86718,1682751219,4522501,0,0,1170114707,16281963104,2331611,91538136,2327023,8324789188,2897059084,10427165832,135930,5121963212,2191093
1782835350802,87052,1682755522,4522502,0,0,1170115050,16281963104,2331611,91538136,2327023,8324839869,2897059084,10427165832,135930,5121963212,2191093
1782835351131,87381,1682761354,4522515,0,0,1170115508,16282925993,2331618,91538905,2327030,8325577288,2897208832,10428127815,135937,5121963212,2191093
1782835351390,87640,1682761354,4522515,0,0,1170115508,16282925993,2331618,91538905,2327030,8325577288,2897208832,10428127815,135937,5121963212,2191093
1782835351729,87980,1682761354,4522515,0,0,1170115508,16282925993,2331618,91538905,2327030,8325577288,2897208832,10428127815,135937,5121963212,2191093
1782835352134,88384,1682761354,4522515,0,0,1170115508,16282925993,2331618,91538905,2327030,8325577288,2897208832,10428127815,135937,5121963212,2191093
1782835352384,88634,1682948779,4523525,0,0,1170134591,16291289026,2332300,91550866,2327712,8329611413,2898036876,10436210648,136291,5122220709,2191421
1782835352635,88886,1684518005,4531116,0,0,1170262164,16334440136,2336624,91631318,2332036,8350762552,2903535321,10475123464,137348,5126306053,2194688
1782835352886,89136,1688326113,4545081,0,0,1170628279,16389071379,2344111,91775020,2339523,8379047009,2910463789,10521547748,138356,5134207149,2201167
1782835353137,89387,1694086801,4564741,0,0,1171862857,16454768248,2354434,92251013,2349846,8413951234,2917978778,10573756377,139340,5146996623,2210506
1782835353389,89639,1700173124,4590882,0,0,1177107629,16569935493,2367992,92516856,2363404,8480510365,2932557720,10661221045,140318,5173751511,2223086
1782835353647,89898,1704967951,4615649,0,0,1177635317,16782172520,2380790,92755794,2376159,8563839222,2973407739,10808876847,141094,5237104186,2235065
1782835353899,90149,1708850951,4642672,0,0,1191458692,16937109659,2394592,94644943,2389832,8628446991,3007475663,10902905635,141543,5278354286,2248289
1782835354183,90433,1711574810,4659877,0,0,1191661632,17122291121,2403353,94795996,2398394,8686810115,3063602762,10953994929,141657,5380236894,2256737
1782835354460,90710,1712759516,4667752,0,0,1191751635,17130519091,2407292,94865415,2402333,8688382172,3063602762,10953994929,141657,5388304731,2260676
1782835354711,90962,1713142733,4669976,0,0,1191777276,17137454895,2408403,94884753,2403444,8688834608,3063602762,10953994929,141657,5395195829,2261787
1782835354968,91218,1722055823,4693332,0,0,1197888510,17325314985,2420658,97017168,2415612,8772076052,3109706612,11054753917,142723,5478941962,2272889
1782835355218,91468,1734059119,4711375,0,0,1202443400,17548416427,2430407,97422982,2425295,8875300665,3152562024,11230588124,144110,5514399159,2281185
1782835355471,91721,1743443054,4731667,0,0,1206725783,17755297382,2441438,98388209,2436221,8967437397,3208214131,11405716505,145768,5539283661,2290453
1782835355721,91972,1751105195,4751305,0,0,1207018958,17972078948,2451976,98584601,2446536,9052647001,3246148822,11552516925,146974,5585127172,2299562
1782835355974,92224,1756753359,4769210,0,0,1209846378,18178468261,2461512,98758631,2455882,9170532047,3288624851,11716110996,147943,5618625467,2307939
1782835356224,92474,1762557745,4786120,0,0,1261510130,18392023297,2470305,98919190,2464527,9279435302,3301140247,11894620467,148467,5646888189,2316060
1782835356475,92725,1778514684,4811276,0,0,1275516954,18536864606,2483247,99245124,2477467,9329069247,3320640714,11968936584,149191,5706164391,2328276
1782835356727,92978,1802894228,4833670,0,0,1306863130,18708155272,2494821,99455675,2488918,9405944924,3356558361,12054110153,149821,5761689271,2339097
1782835357003,93253,1819949187,4863375,0,0,1319042303,18787017555,2509838,99737487,2503903,9463496921,3360145308,12106425956,150114,5784430941,2353789
1782835357253,93503,1862181147,4887766,0,0,1327444361,18946687313,2522313,99974106,2516213,9543785499,3379038284,12152778955,150502,5843195944,2365711
1782835357503,93753,1890155267,4913103,0,0,1343612696,19108854541,2535413,102273866,2529199,9631325869,3412321628,12249591639,151249,5899419341,2377950
1782835357754,94004,1900114728,4937705,0,0,1350639924,19277043321,2548446,102515014,2541988,9718224150,3448099034,12370847474,152472,5936744202,2389516
1782835358005,94255,1909224350,4960706,0,0,1362022986,19469039128,2560896,104008587,2554233,9818161054,3485364582,12520622877,154164,5969734813,2400069
1782835358256,94506,1919849502,4984121,0,0,1373957731,19634041849,2573385,105095299,2566569,9902792071,3521964621,12656989740,155574,5984833329,2410995
1782835358507,94757,1928269639,5012962,0,0,1382802589,19726753128,2588489,105372837,2581630,9951041743,3536825906,12721387622,156899,6011495966,2424731
1782835358758,95008,1937088604,5038989,0,0,1389698908,19783530541,2601984,105883195,2594971,9980367152,3543883563,12752499265,157706,6034338832,2437265
1782835359008,95258,1944381447,5066294,0,0,1390058223,19832514857,2616008,107954592,2608941,10005976031,3554178461,12787448446,158397,6046873353,2450544
1782835359267,95517,1954346504,5091118,0,0,1425815022,19907647692,2628802,109145220,2621656,10059819208,3562524551,12845455926,159078,6059793577,2462578
1782835359541,95791,1961517027,5121875,0,0,1426213913,20015861783,2644463,109446572,2637271,10108575164,3570242652,12893609779,159593,6118177770,2477678
1782835359800,96050,1965040523,5145306,0,0,1436049740,20063689110,2656519,109926662,2649259,10136901576,3575398201,12926586657,160205,6131563309,2489054
1782835360053,96303,1972458427,5173804,0,0,1440454296,20151728147,2671191,110198589,2663905,10177455002,3596978706,12983312238,161023,6149990974,2502882
1782835360311,96561,1978371877,5197990,0,0,1461403303,20223243229,2683916,110438094,2676629,10215726400,3609476914,13035410685,162290,6168883039,2514339
1782835360563,96813,1984835919,5221482,0,0,1472363821,20320102991,2696253,110671304,2688966,10270612331,3629335490,13118253127,163471,6182436868,2525495
1782835360813,97063,1996785498,5247795,0,0,1479726813,20533855105,2709939,110926854,2702639,10408414899,3670812987,13293241792,164513,6219659651,2538126
1782835361065,97315,2016364323,5276198,0,0,1487147474,20701625911,2724553,113871684,2717244,10487728569,3701259099,13411500222,165330,6266767557,2551914
1782835361316,97566,2022337289,5302662,0,0,1487519708,20771507604,2738195,114132981,2730823,10519612011,3724424651,13465396020,166086,6280299642,2564737
1782835361566,97816,2025858036,5329582,0,0,1493930233,20845226784,2752031,114404519,2744631,10559326614,3747771936,13519206796,166810,6296577354,2577821
1782835361818,98068,2031533313,5355926,0,0,1494283480,20930773510,2765676,119399409,2758201,10609493974,3759976577,13583168746,167680,6316538614,2590521
1782835362085,98335,2038864089,5383184,0,0,1498892247,20981707147,2779452,119682835,2771959,10633672192,3766363201,13604516576,167958,6342621507,2604001
1782835362340,98590,2059456042,5402424,0,0,1503668004,21148151561,2789360,123636256,2781853,10744885712,3787989155,13687045617,168517,6425645120,2613336
1782835362594,98845,2069092752,5424739,0,0,1510438096,21327983052,2801188,123913136,2793610,10850194502,3817152879,13830030272,169784,6445169394,2623826
1782835362844,99094,2078355506,5448640,0,0,1524292357,21459876436,2813849,124465676,2806267,10918284795,3849056060,13936424619,171200,6470022514,2635067
1782835363095,99345,2105832708,5474036,0,0,1537889752,21563661548,2827094,124735629,2819506,10968544974,3875369176,14012124128,172288,6497470789,2647218
1782835363346,99596,2111543834,5499146,0,0,1538441201,21685739053,2839983,125059164,2832393,11033499827,3898406815,14095884905,172954,6534971668,2659439
1782835363598,99849,2129017460,5525876,0,0,1548530523,21766739777,2853749,125327133,2846159,11083332177,3911961003,14155368677,173754,6555956235,2672405
1782835363853,100103,2134551025,5550380,0,0,1555637742,21884499829,2866348,125591027,2858754,11123812339,3929022214,14222138396,174444,6606348833,2684310
1782835364104,100354,2139932856,5575797,0,0,1562776257,21979809176,2879283,127477009,2871683,11175676769,3954066017,14282085222,174893,6640051187,2696790
1782835364354,100604,2146769292,5600609,0,0,1569098213,22012399844,2891741,127871777,2884141,11188423402,3955004783,14286429143,174996,6666500963,2709145
1782835364605,100856,2162345279,5623780,0,0,1572077018,22158069484,2903713,128290097,2896079,11257340298,3972449271,14382927351,175736,6702637669,2720343
1782835364865,101115,2180769458,5647177,0,0,1593441372,22307328212,2916045,128681887,2908360,11333803179,3989834422,14502696854,176946,6729810522,2731414
1782835365116,101366,2189195573,5670953,0,0,1601993501,22442275311,2928518,128926820,2920833,11410043711,4012957518,14606877679,178115,6759849098,2742718
1782835365367,101617,2195782938,5695679,0,0,1607520682,22520022246,2941351,129175355,2933666,11450547861,4032684253,14667786972,179056,6776211595,2754610
1782835365617,101868,2203088244,5720895,0,0,1619398969,22592926414,2954379,129427586,2946676,11484891340,4047288218,14718160192,179879,6797784020,2766797
1782835365868,102118,2207428714,5745530,0,0,1624771022,22668749118,2967035,132155174,2959332,11521938507,4064199293,14765258183,180555,6824726353,2778777
1782835366119,102369,2215271761,5769813,0,0,1626580008,22721590142,2979370,132398419,2971663,11553602088,4068113853,14797335842,180938,6844281094,2790725
1782835366371,102621,2222409011,5793863,0,0,1629251935,22759707353,2991457,132873717,2983750,11572335872,4072603049,14808379220,181063,6870243458,2802687
1782835366623,102874,2231965445,5818816,0,0,1632451181,22863527351,3004354,133914613,2996427,11622137178,4090385749,14855909668,181685,6913984249,2814742
1782835366873,103123,2242516399,5843111,0,0,1637527775,22968633960,3017072,135915338,3009095,11673639027,4108089984,14928622651,182772,6942630035,2826323
1782835367126,103376,2255370128,5861999,0,0,1648177582,23130575114,3027019,136112707,3019029,11742960452,4135428031,15066780918,183766,6965843958,2835263
1782835367377,103627,2262264269,5885230,0,0,1655637205,23249337349,3038990,136348224,3030976,11792834397,4162266891,15152818168,184450,6997703898,2846526
1782835367628,103879,2266900311,5910865,0,0,1658898136,23353172749,3052306,136626993,3044272,11839172577,4184712778,15213793958,185429,7039656457,2858843
1782835367878,104128,2270269443,5935171,0,0,1663553769,23405499955,3064797,136860198,3056752,11862798467,4192269323,15245292973,186094,7059690366,2870658
1782835368129,104379,2275202389,5959805,0,0,1663876678,23439728337,3077299,137098582,3069246,11883651337,4195649509,15264011004,186454,7074512507,2882792
1782835368380,104630,2280119872,5983784,0,0,1664288454,23456642084,3089344,137460794,3081291,11895280323,4196379565,15267502467,186566,7087500767,2894725
1782835368632,104883,2284288598,6007564,0,0,1669049149,23491830989,3101506,137912910,3093415,11915823030,4202333995,15290349736,187071,7098552199,2906344
1782835368891,105141,2288198443,6032653,0,0,1674330816,23550367381,3114610,138160053,3106501,11947449803,4216917968,15335370727,188172,7111127078,2918329
1782835369142,105392,2296091020,6056171,0,0,1686135469,23635299817,3127024,138395013,3118843,11993289107,4231469403,15396985782,189411,7132818785,2929432
1782835369392,105642,2307080056,6080491,0,0,1697099332,23766814006,3139601,139368528,3131410,12039999298,4254996418,15491962342,190234,7168099472,2941176
1782835369643,105894,2321476121,6105163,0,0,1699777858,23913616780,3152477,139729132,3144248,12112302162,4278313584,15603868466,191273,7201058355,2952975
1782835369893,106143,2326979537,6128339,0,0,1704697506,24017270383,3164368,140234700,3156139,12164318143,4290337546,15685930264,191882,7221883312,2964257
1782835370144,106394,2339898580,6153573,0,0,1705104942,24080519552,3177230,140483708,3169001,12196441677,4296706076,15725393010,192371,7244671194,2976630
1782835370394,106644,2349617230,6177528,0,0,1708222583,24131769875,3189272,140902327,3181028,12217743675,4299088915,15750903300,192487,7269375088,2988541
1782835370644,106895,2355995613,6202165,0,0,1715160012,24198783841,3201947,141654522,3193470,12254346868,4307105524,15782199598,192967,7296772493,3000503
1782835370897,107147,2363379375,6226551,0,0,1721365636,24294998150,3214592,141908841,3206087,12307841275,4321512007,15846510751,193844,7325927722,3012243
1782835371148,107398,2378486734,6250227,0,0,1721850209,24411274860,3226976,142154722,3218471,12354936927,4335662294,15928629786,194935,7359619965,3023536
1782835371399,107649,2387348174,6272710,0,0,1726879058,24507260773,3238765,142390906,3230250,12394668384,4358061218,16005695523,196020,7377895742,3034230
1782835371653,107904,2399687789,6295083,0,0,1736143766,24581480236,3250524,142642941,3241989,12435657816,4368859829,16063736154,197146,7391345468,3044843
1782835371903,108153,2403198427,6319449,0,0,1741743299,24625077647,3263113,142904150,3254528,12456544472,4375622535,16094913476,197906,7402172671,3056622
1782835372155,108405,2408102751,6343587,0,0,1747907999,24671615990,3275436,143516933,3266843,12478194960,4380435243,16123635613,198407,7418846107,3068436
1782835372405,108655,2412862124,6366740,0,0,1752015557,24704086576,3287066,144763405,3278458,12493279908,4383484152,16137023136,198498,7436964795,3079960
1782835372655,108906,2418818333,6390469,0,0,1754537607,24765798479,3299193,145003634,3290537,12527585747,4392525409,16175573425,198976,7454140449,3091561
1782835372905,109155,2425883524,6414207,0,0,1769194411,24896085385,3311488,146583864,3302782,12598948799,4418701234,16265018556,199776,7486729419,3103006
1782835373157,109407,2433119426,6438586,0,0,1771982720,24998360607,3324083,147206676,3315377,12659293432,4435217131,16347585388,200588,7505742110,3114789
1782835373410,109660,2436509818,6460328,0,0,1790793421,25112788447,3335480,147427820,3326742,12687176737,4466247760,16435604686,201607,7531154135,3125135
1782835373660,109911,2441153179,6483723,0,0,1791654479,25178865516,3347729,147655932,3338953,12720526739,4477228551,16485788217,202669,7545052945,3136284
1782835373911,110161,2445220215,6507339,0,0,1796236695,25233430424,3359955,147891553,3351179,12747888844,4485217197,16526809836,203508,7558098987,3147671
1782835374161,110411,2451032203,6530221,0,0,1796546766,25317055669,3371668,148346660,3362874,12778316282,4490579143,16584120881,204033,7581602452,3158841
1782835374412,110662,2458702328,6553239,0,0,1797057317,25349750044,3383235,148685510,3374406,12793179151,4493506855,16591202252,204115,7603482075,3170291
1782835374664,110915,2464832466,6576886,0,0,1800354563,25425466169,3395411,148930144,3386351,12834700860,4501137595,16632367860,204589,7628815402,3181762
1782835374915,111165,2471213602,6600295,0,0,1805091701,25500368476,3407510,149339406,3398414,12876421026,4516210786,16678713411,205337,7655156178,3193077
1782835375167,111417,2482185039,6623833,0,0,1814236673,25590702234,3419698,149590339,3410600,12922023882,4529206684,16738456278,206175,7684213626,3204425
1782835375417,111667,2490729980,6645542,0,0,1829996334,25697922028,3430953,150354187,3421813,12980981471,4549428024,16818883075,206937,7707267436,3214876
1782835375669,111920,2501023372,6670289,0,0,1836036967,25796172411,3443939,150601532,3434779,13026627250,4565835109,16885069263,208141,7737944444,3226638
1782835375920,112170,2506164104,6694300,0,0,1836396654,25863925717,3456434,150849738,3447224,13057856344,4571324179,16926456325,209069,7761654479,3238155
1782835376171,112421,2509654060,6717617,0,0,1836698568,25905338268,3468351,151071804,3459133,13075898676,4574208402,16955114492,209577,7773494668,3249556
1782835376423,112673,2516752482,6740767,0,0,1840720784,25931662843,3479980,151806019,3470720,13090828680,4575408619,16959517598,209644,7791912633,3261076
1782835376674,112925,2521828140,6764087,0,0,1846052931,25992264249,3491900,152980514,3482586,13123085403,4583542981,16995218391,210110,7813442295,3272476
1782835376925,113175,2534172663,6787618,0,0,1846554434,26074135400,3504051,154161120,3494691,13164530422,4597343862,17055166898,210834,7831810015,3283857
1782835377175,113425,2541525046,6810847,0,0,1847243186,26146677677,3516076,154416333,3506716,13202035923,4607423203,17108911062,211656,7850124535,3295060
1782835377467,113717,2544656047,6823917,0,0,1849689199,26175431608,3522696,155425014,3513336,13218854449,4610597609,17123001885,211826,7864530242,3301510
1782835377724,113975,2544656047,6823917,0,0,1849689199,26175431608,3522696,155425014,3513336,13218854449,4610597609,17123001885,211826,7864530242,3301510
1782835377998,114248,2544671621,6824024,0,0,1849690669,26175486287,3522749,155426260,3513389,13218885479,4610597609,17123001885,211826,7864582823,3301563
1782835378249,114499,2544671621,6824024,0,0,1849690669,26175486287,3522749,155426260,3513389,13218885479,4610597609,17123001885,211826,7864582823,3301563
1782835378527,114777,2544671621,6824024,0,0,1849690669,26175486287,3522749,155426260,3513389,13218885479,4610597609,17123001885,211826,7864582823,3301563
1782835378885,115135,2544671621,6824024,0,0,1849690669,26175486287,3522749,155426260,3513389,13218885479,4610597609,17123001885,211826,7864582823,3301563
1782835379144,115394,2544671621,6824024,0,0,1849690669,26175486287,3522749,155426260,3513389,13218885479,4610597609,17123001885,211826,7864582823,3301563
1782835379409,115659,2544671621,6824024,0,0,1849690669,26175486287,3522749,155426260,3513389,13218885479,4610597609,17123001885,211826,7864582823,3301563
1782835379667,115918,2544671621,6824024,0,0,1849690669,26175486287,3522749,155426260,3513389,13218885479,4610597609,17123001885,211826,7864582823,3301563
1782835379919,116169,2544671621,6824024,0,0,1849690669,26175486287,3522749,155426260,3513389,13218885479,4610597609,17123001885,211826,7864582823,3301563
1782835380355,116605,2544671621,6824024,0,0,1849690669,26175486287,3522749,155426260,3513389,13218885479,4610597609,17123001885,211826,7864582823,3301563
1782835380864,117114,2544671621,6824024,0,0,1849690669,26175486287,3522749,155426260,3513389,13218885479,4610597609,17123001885,211826,7864582823,3301563
1782835381145,117395,2544671621,6824024,0,0,1849690669,26175486287,3522749,155426260,3513389,13218885479,4610597609,17123001885,211826,7864582823,3301563
