ts_unix_ms,elapsed_ms,reasm_ip_ns,reasm_ip_cnt,reasm_tcp_ns,reasm_tcp_cnt,lockwait_ns,parse_ns,parse_cnt,dump_ns,dump_cnt,sip_parse_ns,sip_group_ns
1782718734804,0,0,0,0,0,0,0,0,0,0,0,0
1782718735092,288,0,0,0,0,0,0,0,0,0,0,0
1782718735379,575,0,0,0,0,0,0,0,0,0,0,0
1782718735631,828,0,0,0,0,0,0,0,0,0,0,0
1782718735882,1078,0,0,0,0,0,0,0,0,0,0,0
1782718736141,1337,0,0,0,0,0,0,0,0,0,0,0
1782718736392,1588,0,0,0,0,0,0,0,0,0,0,0
1782718736646,1843,0,0,0,0,0,0,0,0,0,0,0
1782718736945,2141,0,0,0,0,0,0,0,0,0,0,0
1782718737244,2440,0,0,0,0,0,0,0,0,0,0,0
1782718737496,2692,0,0,0,0,0,0,0,0,0,0,0
1782718737764,2961,0,0,0,0,0,0,0,0,0,0,0
1782718738189,3385,0,0,0,0,0,0,0,0,0,0,0
1782718738475,3670,0,0,0,0,0,0,0,0,0,0,0
1782718738767,3964,0,0,0,0,0,0,0,0,0,0,0
1782718739294,4490,0,0,0,0,0,0,0,0,0,0,0
1782718739545,4741,0,0,0,0,0,0,0,0,0,0,0
1782718739819,5015,216700,254,0,0,13955,7715222,254,9912,254,7205925,118778
1782718740071,5267,312278,408,0,0,25758,17166375,408,18623,408,16090647,269509
1782718740323,5519,437738,662,0,0,41535,25918055,662,29873,662,24334986,463551
1782718740575,5771,437738,662,0,0,41535,25918055,662,29873,662,24334986,463551
1782718740825,6021,641038,976,0,0,64486,37231037,976,46449,976,35010112,679320
1782718741077,6273,641038,976,0,0,64486,37231037,976,46449,976,35010112,679320
1782718741329,6525,1177384,1228,0,0,82958,48110832,1228,59968,1228,45361247,859298
1782718741579,6775,1177384,1228,0,0,82958,48110832,1228,59968,1228,45361247,859298
1782718741831,7027,1607143,1533,0,0,110053,67326170,1533,78766,1533,63642016,1266185
1782718742082,7278,1607143,1533,0,0,110053,67326170,1533,78766,1533,63642016,1266185
1782718742332,7528,1727349,1785,0,0,125489,76577987,1785,89950,1785,72094271,1710035
1782718742584,7780,1727349,1785,0,0,125489,76577987,1785,89950,1785,72094271,1710035
1782718742835,8031,1883866,2134,0,0,314916,89279071,2134,106536,2134,84035870,2059286
1782718743088,8284,1883866,2134,0,0,314916,89279071,2134,106536,2134,84035870,2059286
1782718743339,8535,1996317,2386,0,0,356025,98221356,2386,118207,2386,91782296,2466744
1782718743590,8786,1996317,2386,0,0,356025,98221356,2386,118207,2386,91782296,2466744
1782718743840,9036,2166364,2732,0,0,379492,111528860,2732,135581,2732,103485626,3123947
1782718744091,9287,2166364,2732,0,0,379492,111528860,2732,135581,2732,103485626,3123947
1782718744344,9539,2514323,2984,0,0,396124,121173122,2984,147127,2984,112238205,3714401
1782718744594,9790,2514323,2984,0,0,396124,121173122,2984,147127,2984,112238205,3714401
1782718744845,10041,2973442,3334,0,0,418228,134306132,3334,163686,3334,124018693,4639391
1782718745281,10477,2973442,3334,0,0,418228,134306132,3334,163686,3334,124018693,4639391
1782718745541,10737,3078383,3586,0,0,432605,142590961,3586,174006,3586,131666067,4960856
1782718745803,11000,3078383,3586,0,0,432605,142590961,3586,174006,3586,131666067,4960856
1782718746101,11297,3208099,3780,0,0,452591,152620801,3780,184824,3780,140715710,5486823
1782718746355,11551,3350308,4031,0,0,469947,163087560,4031,197150,4031,150080738,5936618
1782718746618,11814,3350308,4031,0,0,469947,163087560,4031,197150,4031,150080738,5936618
1782718746877,12073,4650971,4352,0,0,2512163,189840886,4352,218211,4352,174910613,7297255
1782718747138,12334,4650971,4352,0,0,2512163,189840886,4352,218211,4352,174910613,7297255
1782718747389,12585,4954719,4600,0,0,3910053,211178345,4600,236690,4600,194558283,8449731
1782718747644,12841,4954719,4600,0,0,3910053,211178345,4600,236690,4600,194558283,8449731
1782718747902,13098,5183497,4868,0,0,5736327,226729984,4868,254081,4868,208166210,9129785
1782718748155,13351,5183497,4868,0,0,5736327,226729984,4868,254081,4868,208166210,9129785
1782718748406,13601,5482902,5118,0,0,5752762,240353029,5118,265609,5118,219289952,10412344
1782718748657,13854,5482902,5118,0,0,5752762,240353029,5118,265609,5118,219289952,10412344
1782718748920,14116,5628280,5392,0,0,5771558,251467908,5392,278954,5392,229094857,10921305
1782718749175,14371,5628280,5392,0,0,5771558,251467908,5392,278954,5392,229094857,10921305
1782718749426,14622,5754757,5644,0,0,5787232,259752749,5644,290472,5644,236589018,11381717
1782718749680,14877,5869157,5896,0,0,5802467,267737558,5896,301529,5896,243902325,11748833
1782718749933,15129,5913465,5960,0,0,5807855,271932640,5960,305433,5960,247330422,12412001
1782718750186,15382,5913465,5960,0,0,5807855,271932640,5960,305433,5960,247330422,12412001
1782718750436,15632,6011553,6210,0,0,5819261,277026501,6210,314189,6210,251904750,12699427
1782718750687,15884,6112259,6461,0,0,5833416,283221754,6461,325006,6461,257494038,13028342
1782718750938,16134,6155896,6544,0,0,5838968,285630065,6544,329480,6544,259679926,13145351
1782718751189,16385,6155896,6544,0,0,5838968,285630065,6544,329480,6544,259679926,13145351
1782718751440,16636,6250285,6794,0,0,5851739,292091675,6794,339076,6794,265562253,13477066
1782718751691,16888,7088398,7045,0,0,5863379,298194188,7045,348049,7045,271108402,13807094
1782718751942,17137,7135881,7144,0,0,5869595,301020335,7144,352829,7144,273666869,13951397
1782718752193,17389,7135881,7144,0,0,5869595,301020335,7144,352829,7144,273666869,13951397
1782718752444,17640,7239370,7394,0,0,5883476,308092414,7394,363323,7394,280190928,14230385
1782718752695,17892,7332567,7645,0,0,5895442,314247074,7645,372245,7645,285810324,14520134
1782718752947,18143,7389659,7744,0,0,5902792,317070144,7744,377364,7744,288362916,14635735
1782718753198,18394,7389659,7744,0,0,5902792,317070144,7744,377364,7744,288362916,14635735
1782718753457,18653,7495864,7994,0,0,5916864,322954888,7994,387659,7994,293697991,14928745
1782718753724,18921,7609891,8244,0,0,5932147,330896434,8244,399780,8244,300964039,15258644
1782718754038,19234,7662054,8314,0,0,8171643,340711346,8314,404607,8314,309941481,15364805
1782718754305,19501,7790732,8564,0,0,8187876,347615935,8564,415839,8564,316201581,15680980
1782718754556,19752,7790732,8564,0,0,8187876,347615935,8564,415839,8564,316201581,15680980
1782718754852,20048,7939213,8834,0,0,8206544,360558542,8834,429371,8834,328359007,16091154
1782718755106,20302,7939213,8834,0,0,8206544,360558542,8834,429371,8834,328359007,16091154
1782718755362,20558,8066440,9082,0,0,8219199,366143178,9082,439238,9082,333376088,16406894
1782718755642,20839,8066440,9082,0,0,8219199,366143178,9082,439238,9082,333376088,16406894
1782718755892,21088,8361682,9424,0,0,8240821,377957306,9424,455528,9424,344183543,16983110
1782718756144,21340,8361682,9424,0,0,8240821,377957306,9424,455528,9424,344183543,16983110
1782718756395,21590,8495629,9674,0,0,8253938,383652405,9674,465273,9674,349278525,17318932
1782718756789,21986,8495629,9674,0,0,8253938,383652405,9674,465273,9674,349278525,17318932
1782718757058,22254,8653106,9922,0,0,8272629,401317305,9922,479091,9922,364976647,18013928
1782718757528,22724,8748246,10172,0,0,8291563,407446470,10172,489011,10172,370434645,18437684
1782718757780,22976,8748246,10172,0,0,8291563,407446470,10172,489011,10172,370434645,18437684
1782718758035,23231,8880276,10430,0,0,8305570,417258693,10430,500749,10430,379336987,19063206
1782718758286,23482,9060052,10679,0,0,8320327,424488224,10679,513304,10679,385644922,19675480
1782718758537,23733,9060052,10679,0,0,8320327,424488224,10679,513304,10679,385644922,19675480
1782718758792,23989,9336734,10930,0,0,8345077,435156009,10930,530535,10930,395315389,20225493
1782718759047,24243,9373437,10967,0,0,8349206,437714540,10967,533681,10967,397661199,20355484
1782718759365,24561,9560514,11215,0,0,8371404,449088759,11215,550312,11215,407725941,21104744
1782718759633,24830,9560514,11215,0,0,8371404,449088759,11215,550312,11215,407725941,21104744
1782718759945,25141,10233170,11486,0,0,8423719,492308238,11486,579810,11486,443937298,22220684
1782718760200,25396,10460922,11736,0,0,8461781,524595841,11736,599637,11736,473552188,24260634
1782718760456,25652,10460922,11736,0,0,8461781,524595841,11736,599637,11736,473552188,24260634
1782718760708,25905,11925381,11984,0,0,8497217,543276719,11984,618228,11984,490926612,24956360
1782718760971,26167,12132667,12114,0,0,8514926,549751293,12114,627341,12114,496613184,25411296
1782718761223,26419,12132667,12114,0,0,8514926,549751293,12114,627341,12114,496613184,25411296
1782718761476,26672,12363051,12363,0,0,8551161,561562531,12363,644976,12363,507035263,26233792
1782718762533,27729,12909120,12924,0,0,8632269,597509777,12924,686020,12924,536643106,31262508
1782718762786,27983,15386544,13175,0,0,8688020,661970766,13175,716523,13175,594502459,35393279
1782718763039,28235,15588138,13294,0,0,8711613,683369054,13294,730106,13294,613216847,37684637
1782718763290,28486,16281081,13544,0,0,8752344,717716630,13544,751564,13544,644844303,38837798
1782718763541,28737,16281081,13544,0,0,8752344,717716630,13544,751564,13544,644844303,38837798
1782718763794,28991,16590972,13796,0,0,8799945,756105576,13795,776821,13795,679236991,40848138
1782718764046,29242,16700132,13897,0,0,12614035,768634631,13897,786758,13897,690677251,41208888
1782718764701,29898,16700132,13897,0,0,12614035,768634631,13897,786758,13897,690677251,41208888
1782718764979,30175,16815785,14032,0,0,23012978,784731065,14032,797048,14032,706002856,41671975
1782718765277,30473,16815785,14032,0,0,23012978,784731065,14032,797048,14032,706002856,41671975
1782718765580,30776,16815785,14032,0,0,23012978,784731065,14032,797048,14032,706002856,41671975
1782718765980,31176,16815785,14032,0,0,23012978,784731065,14032,797048,14032,706002856,41671975
1782718766277,31473,16815785,14032,0,0,23012978,784731065,14032,797048,14032,706002856,41671975
1782718766608,31805,16815785,14032,0,0,23012978,784731065,14032,797048,14032,706002856,41671975
1782718766884,32080,16815785,14032,0,0,23012978,784731065,14032,797048,14032,706002856,41671975
1782718767258,32453,16815785,14032,0,0,23012978,784731065,14032,797048,14032,706002856,41671975
1782718767515,32711,16815785,14032,0,0,23012978,784731065,14032,797048,14032,706002856,41671975
1782718767765,32962,18864862,14659,0,0,28378138,858993983,14658,849960,14658,770783569,48843903
1782718768017,33213,19800170,15382,0,0,28497119,933879490,15381,911749,15381,834168532,57708781
1782718768271,33467,21465317,16199,0,0,40916353,1025878414,16199,982047,16199,914283368,66261665
1782718768521,33717,22397585,16874,0,0,41560670,1122659196,16873,1038189,16873,1001783948,73353190
1782718768775,33972,24339752,17451,0,0,50866321,1184727163,17450,1090679,17450,1055910316,78812811
1782718769027,34223,25207595,18253,0,0,50980279,1237629169,18253,1148792,18253,1100654295,84206530
1782718769388,34584,25948682,18754,0,0,51054181,1272392069,18754,1186241,18754,1129823278,88442401
1782718769694,34891,28387053,19507,0,0,51180858,1361739587,19507,1250607,19507,1205000316,100513156
1782718769960,35156,29199519,20161,0,0,58765451,1406964797,20161,1302024,20161,1243681994,105223491
1782718770211,35407,29770820,20694,0,0,73187460,1456010710,20693,1341925,20693,1281267646,114930619
1782718770467,35663,30635864,21464,0,0,73294727,1520665417,21463,1398396,21463,1336527788,120868339
1782718770719,35915,31426434,22170,0,0,73393386,1570750480,22170,1449518,22170,1377956965,127732510
1782718770971,36167,32843580,22729,0,0,73481055,1647441984,22729,1493524,22729,1437577078,136876593
1782718771236,36432,33137985,22978,0,0,73515464,1659901196,22978,1511095,22978,1448070181,138215578
1782718771494,36690,34188542,23730,0,0,73622040,1704667529,23730,1564619,23730,1484523491,144705536
1782718771746,36943,39089268,24231,0,0,92118081,1779029083,24231,1613386,24231,1546103776,151636981
1782718771997,37193,41114913,24986,0,0,102992561,1870987157,24986,1690871,24986,1621311590,164761414
1782718772248,37444,42657606,25737,0,0,113932743,1962242284,25737,1754980,25737,1698747048,173672941
1782718772500,37696,45922943,26489,0,0,114061275,2060845048,26489,1824416,26489,1780287880,184745710
1782718772751,37948,45930602,26490,0,0,114061275,2060845048,26489,1824416,26489,1780287880,184745710
1782718773002,38198,46363478,26820,0,0,141067759,2092899770,26820,1853079,26820,1807552327,188021412
1782718773257,38453,47166977,27319,0,0,144436013,2151457657,27319,1897553,27319,1850937862,196644863
1782718773522,38718,47744697,27820,0,0,144685336,2188226455,27820,1940090,27820,1880388911,202168842
1782718773792,38989,49581168,28563,0,0,145156427,2251834130,28563,2038482,28563,1927731350,208646811
1782718774062,39258,51519356,29160,0,0,145243453,2298545915,29160,2083650,29160,1964956193,215952385
1782718774314,39510,53488430,29665,0,0,145331121,2370466158,29664,2928122,29664,2016072210,233716624
1782718774601,39797,53978248,30158,0,0,145398462,2401892417,30158,2963563,30158,2042021579,237385588
1782718774856,40052,55137032,30819,0,0,155276002,2506305074,30819,3023015,30819,2118581870,253892932
1782718775107,40303,55892800,31569,0,0,155377526,2599094528,31569,3083202,31569,2192003645,265308572
1782718775381,40577,57056839,32292,0,0,172907945,2655809452,32291,3142545,32291,2238150078,270578418
1782718775632,40829,58128385,33070,0,0,173012683,2756873377,33070,3205492,33070,2309798771,286753865
1782718775895,41091,58466617,33395,0,0,193536362,2802151664,33395,3237152,33395,2346599653,291606733
1782718776148,41344,59125389,34030,0,0,193625654,2862677566,34029,3289437,34029,2393499685,297614836
1782718776399,41595,60705554,34787,0,0,208624116,2951308523,34786,3744080,34786,2462688822,308945626
1782718776656,41853,61325699,35556,0,0,208727421,3024461129,35555,3807872,35555,2519389272,319839895
1782718776907,42103,62265003,36217,0,0,239569270,3099430004,36216,3866831,36216,2576664406,330911072
1782718777159,42355,62900498,37048,0,0,239688533,3201888071,37047,3937744,37047,2654815635,343889081
1782718777414,42610,63312781,37638,0,0,239760811,3239421393,37637,3980716,37637,2687240438,346578927
1782718778314,43509,63660205,38122,0,0,239819175,3268767780,38122,4015473,38122,2712326312,348722734
1782718778565,43761,65265319,38762,0,0,239904257,3394081686,38762,4066437,38762,2793219931,379938092
1782718778817,44013,67121184,39271,0,0,240019100,3476615838,39270,4783061,39270,2861070588,389247291
1782718779069,44265,68716512,40267,0,0,261658825,3596156512,40267,4864657,40267,2957877040,404476266
1782718779320,44516,69554402,41019,0,0,261764457,3678505530,41019,4936913,41019,3026356749,413402917
1782718779572,44768,70146528,41771,0,0,267025372,3775006678,41771,5002123,41771,3097425716,428786265
1782718779823,45019,71149113,42373,0,0,275079574,3812515603,42373,5047004,42373,3123907726,434351351
1782718780101,45297,71453465,42874,0,0,275139608,3839112599,42874,5082783,42874,3144335003,437983345
1782718780353,45549,77587438,43124,0,0,275171119,3866965366,43124,5101582,43124,3169831342,439294914
1782718780604,45801,77873706,43621,0,0,275212723,3905653737,43620,5131727,43620,3200016327,445417142
1782718780856,46052,78654819,44441,0,0,302580403,3981681760,44441,5200604,44441,3262351385,454548162
1782718781113,46309,80387479,44942,0,0,314731023,4016035811,44942,5238355,44942,3284952435,463858533
1782718781371,46567,80725721,45444,0,0,314793638,4042696559,45444,5275266,45444,3304907769,467115335
1782718781622,46819,81732057,46195,0,0,316216023,4114273613,46195,5378157,46195,3361698820,476878157
1782718781873,47068,83281298,46920,0,0,328350496,4202975437,46920,5441091,46920,3432805519,487311522
1782718782128,47324,86011163,47670,0,0,329253775,4282793098,47670,5502767,47670,3495571437,493686624
1782718782381,47577,86621689,48237,0,0,338714609,4363390156,48237,5553143,48237,3555332276,507802309
1782718782633,47830,87298697,49020,0,0,364762681,4468709757,49019,5618734,49019,3642452900,519703332
1782718782884,48080,89024708,49797,0,0,364875158,4552615659,49796,5685840,49796,3709408393,530910484
1782718783152,48348,89145221,49988,0,0,364890841,4560890912,49987,5697589,49987,3716069294,531701035
1782718783406,48602,89760023,50738,0,0,376275796,4656281240,50738,5761565,50738,3786907689,550876431
1782718783658,48855,91059638,51300,0,0,376974986,4723192966,51299,5812922,51299,3837600542,561839823
1782718783910,49106,92222645,51725,0,0,377034602,4762771258,51725,5848348,51725,3865547759,567987323
1782718784161,49356,94169923,52476,0,0,393287800,4856800059,52476,5915953,52476,3935348877,581067991
1782718784411,49607,95399770,53228,0,0,410648452,4971212064,53228,5987444,53228,4021418252,593818297
1782718784677,49874,95758788,53756,0,0,410718463,5029492194,53755,6025778,53755,4068888806,600778172
1782718784928,50124,96697945,54611,0,0,428501811,5166612457,54611,6121212,54611,4166065943,628898287
1782718785180,50376,98071323,55362,0,0,428627423,5257629368,55362,6186812,55362,4241848927,638964094
1782718785432,50628,98661538,56113,0,0,438844220,5352937460,56113,6251043,56113,4317121043,648834837
1782718785684,50881,99911263,56635,0,0,455649465,5454111933,56634,6295930,56634,4392383618,663012175
1782718785936,51132,100337649,57161,0,0,455725466,5499869561,57161,6337205,57161,4427664527,670042512
1782718786187,51383,100997065,57911,0,0,469431364,5599714835,57911,6401598,57911,4504167091,684954285
1782718786438,51634,102132283,58663,0,0,469540010,5687811126,58663,6467192,58663,4568884248,698398394
1782718786695,51892,104988696,59162,0,0,505025122,5743328723,59162,6511550,59162,4611463474,708678014
1782718786947,52143,107390443,59760,0,0,523584102,5857702295,59759,6563407,59759,4711218629,717462917
1782718787198,52394,108291438,60607,0,0,524118054,5967659887,60606,6635739,60606,4793989279,737000861
1782718787456,52652,108818762,61368,0,0,544360918,6022404156,61368,6687188,61368,4828140569,753663441
1782718787718,52915,109417263,61868,0,0,563380998,6077904062,61868,6726378,61868,4868838257,760316644
1782718787969,53165,109955844,62495,0,0,593050242,6169012146,62494,6777325,62494,4931571006,783094564
1782718788221,53417,110708445,63115,0,0,593137488,6255344643,63114,6832041,63114,4994535906,802269652
1782718788473,53668,112200784,63832,0,0,605809336,6351686480,63831,6895902,63831,5065510867,816011501
1782718788737,53934,113582968,64586,0,0,605912900,6450290558,64585,6958803,64585,5142394845,829329874
1782718788997,54193,114321467,64871,0,0,605949517,6478509599,64871,6980252,64871,5160676362,837321673
1782718789251,54447,115454060,65656,0,0,606424409,6565106656,65655,7045472,65655,5226607239,851755977
1782718789503,54699,116165050,66375,0,0,606662781,6650365024,66375,7104236,66375,5287936772,869238452
1782718789753,54950,119231418,67075,0,0,617612186,6748918397,67074,7169051,67074,5363797229,884333887
1782718790025,55220,120095643,67416,0,0,625048892,6786044941,67415,7197282,67415,5391633761,888547265
1782718790275,55471,120470838,67867,0,0,625110974,6868236108,67867,7232458,67867,5464130918,896032780
1782718790528,55723,121820649,68619,0,0,637718477,6980034628,68619,8545337,68619,5544596243,914658997
1782718790783,55980,122347655,69238,0,0,637810330,7033042537,69237,8599576,69237,5584027743,923832391
1782718791035,56231,122748823,69709,0,0,650359843,7088712696,69709,8638350,69709,5626205311,932764284
1782718791286,56482,123773741,70250,0,0,650436556,7157334297,70249,8682785,70249,5677537709,941020749
1782718791546,56742,125318075,70961,0,0,650538704,7251333424,70961,8739913,70961,5749757202,953897965
1782718791798,56995,127039525,71749,0,0,662328680,7375183690,71748,8812652,71748,5838901373,976101024
1782718792049,57245,127619550,72438,0,0,681658372,7454735143,72437,8869925,72437,5902860498,986389102
1782718792300,57496,128524480,73187,0,0,681764979,7527404589,73186,8927721,73186,5959032099,996371662
1782718792562,57758,128899180,73684,0,0,687548330,7571891733,73684,8967032,73684,5992369222,1003909897
1782718792931,58127,128899180,73684,0,0,687548330,7571891733,73684,8967032,73684,5992369222,1003909897
1782718793331,58527,128931125,73705,0,0,687552717,7576560553,73705,8969563,73705,5996008075,1004786128
1782718793695,58892,128931125,73705,0,0,687552717,7576560553,73705,8969563,73705,5996008075,1004786128
1782718793962,59158,128931125,73705,0,0,687552717,7576560553,73705,8969563,73705,5996008075,1004786128
1782718794495,59691,128931125,73705,0,0,687552717,7576560553,73705,8969563,73705,5996008075,1004786128
1782718794750,59947,128931125,73705,0,0,687552717,7576560553,73705,8969563,73705,5996008075,1004786128
1782718795030,60226,128931125,73705,0,0,687552717,7576560553,73705,8969563,73705,5996008075,1004786128
1782718795476,60672,128931125,73705,0,0,687552717,7576560553,73705,8969563,73705,5996008075,1004786128
1782718795728,60925,128931125,73705,0,0,687552717,7576560553,73705,8969563,73705,5996008075,1004786128
1782718796024,61220,129134045,73953,0,0,687590746,7593661711,73953,8988591,73953,6008040089,1005678710
1782718796280,61476,131443276,75035,0,0,718537309,7767392342,75034,9266149,75034,6144361772,1026329250
1782718796531,61727,133514581,76546,0,0,739247707,7949153204,76545,9401247,76545,6274630106,1057475097
1782718796782,61978,135911656,77940,0,0,768616892,8150112511,77939,9522692,77939,6432927255,1085713481
1782718797034,62230,137562441,79278,0,0,783134691,8291250370,79278,9627328,79278,6537105703,1106938413
1782718797293,62489,138586033,80535,0,0,790076463,8374821722,80535,9725486,80535,6597448703,1120829146
1782718797544,62740,140088840,81538,0,0,806032896,8466994509,81538,9804210,81538,6661918902,1138261086
1782718797796,62993,143430661,82814,0,0,821503082,8598281477,82813,9918507,82813,6756099387,1163892770
1782718798049,63245,147078395,84279,0,0,842262368,8785239952,84278,10058732,84278,6897406852,1191763651
1782718798339,63534,149394982,85825,0,0,857036488,8955486690,85824,10202251,85824,7020223052,1218680894
1782718798590,63786,152451088,87189,0,0,876132221,9153777137,87188,10326514,87188,7162642927,1255560197
1782718798841,64037,154558609,88662,0,0,915588771,9351713071,88661,10480097,88661,7302343334,1298557834
1782718799092,64288,156182268,89904,0,0,936717170,9548817310,89903,10594182,89903,7452768144,1326056776
1782718799344,64540,157405147,91019,0,0,947426384,9696431647,91018,10687203,91018,7555055740,1359450099
1782718799596,64792,158027054,91780,0,0,968613044,9767951320,91779,10749597,91779,7605868585,1370998246
1782718799846,65042,159282357,92675,0,0,978160061,9939568453,92674,11397126,92674,7741695922,1396686075
1782718800099,65295,161880883,94175,0,0,996523460,10106724337,94175,11660494,94175,7866016065,1423484998
1782718800351,65547,162692396,94968,0,0,1027099772,10212388767,94967,12104769,94967,7941915950,1436554550
1782718800603,65799,166453930,96554,0,0,1042303345,10412518529,96553,12241719,96553,8091434174,1470200738
1782718800856,66052,173264449,98101,0,0,1062023218,10615783970,98100,12383493,98100,8241387853,1503904166
1782718801107,66303,175304835,99486,0,0,1085391421,10808423832,99485,13024221,99485,8390799879,1530226363
1782718801359,66555,176260323,100538,0,0,1117837797,11000378824,100537,13966809,100537,8524567182,1557063564
1782718801618,66815,179966105,102219,0,0,1130570243,11223857128,102218,14105137,102218,8696810479,1592555254
1782718801871,67066,181797527,103741,0,0,1154008949,11394722810,103741,14249456,103741,8829357249,1616227908
1782718802122,67318,183199672,105208,0,0,1171749374,11594784277,105207,14377292,105207,8985156707,1646720142
1782718802375,67571,185933581,106557,0,0,1189827778,11779027988,106556,14492397,106556,9129282267,1669060645
1782718802626,67823,188420176,107991,0,0,1212938264,11979307763,107990,14616850,107990,9275344431,1699759409
1782718802889,68085,190262561,109527,0,0,1265700944,12167579952,109526,14757538,109526,9406889216,1732894517
1782718803141,68337,191427706,110787,0,0,1285062285,12361585144,110786,14869158,110786,9561539698,1758870581
1782718803392,68588,194852953,112522,0,0,1286081243,12552877894,112521,15015685,112521,9706796666,1786586674
1782718803647,68844,198979849,113960,0,0,1300543040,12744827719,113959,15578481,113959,9841855678,1820924821
1782718803900,69096,202627072,115446,0,0,1315771392,12915993278,115445,15711690,115445,9967077005,1846532402
1782718804151,69347,204045326,116733,0,0,1333729519,13037177624,116733,16190192,116733,10059586883,1864707096
1782718804402,69598,207056412,118237,0,0,1349727726,13189563154,118237,16322436,118237,10172576765,1890523064
1782718804653,69850,209291528,119574,0,0,1379000372,13344750454,119573,16436867,119573,10287690727,1912606214
1782718804903,70099,213122780,121031,0,0,1397048235,13500144810,121030,16557802,121030,10400650710,1939535320
1782718805157,70353,215159085,122470,0,0,1406879453,13665706626,122470,16676892,122470,10531585848,1960593659
1782718805414,70610,217985298,123990,0,0,1415280778,13830874187,123989,16805195,123989,10659876423,1982373057
1782718805666,70862,222467512,125507,0,0,1427684841,14005907520,125506,16928654,125506,10789173749,2012794018
1782718806340,71536,224111100,126228,0,0,1442315665,14079025383,126228,16988920,126228,10845248112,2022981918
1782718806590,71786,226463942,127479,0,0,1498086172,14241807280,127478,17091829,127478,10967306581,2052564111
1782718806850,72046,228544408,128904,0,0,1498296856,14399648154,128904,17216473,128900,11084978496,2075855722
1782718807106,72302,229599362,130150,0,0,1504890814,14524278512,130149,17317418,130145,11181354982,2091131854
1782718807357,72553,232155976,131663,0,0,1518550191,14692662667,131662,17904998,131658,11311600793,2115032423
1782718807608,72805,236275565,133114,0,0,1537175510,14876628302,133113,18028443,133109,11456029437,2135413399
1782718807860,73056,237505422,134528,0,0,1550961596,15017609429,134527,18150257,134523,11564976141,2153609504
1782718808111,73307,240958785,135977,0,0,1564154281,15180610287,135976,18645075,135972,11692334970,2175369998
1782718808362,73558,243941372,137456,0,0,1577967894,15364664453,137455,19224930,137451,11826793525,2205553108
1782718808993,74189,246419654,138871,0,0,1597259399,15501844448,138871,19341110,138867,11934014091,2223437930
1782718809245,74441,248772699,140476,0,0,1618231014,15695467920,140475,20143464,140470,12086830270,2248804318
1782718809496,74692,250020074,141930,0,0,1639891588,15857182704,141929,20263350,141924,12211922137,2268207723
1782718809748,74945,253514595,143743,0,0,1656899665,16083518196,143742,20574035,143737,12382091044,2304924617
1782718809999,75195,255878868,145390,0,0,1672830240,16264239520,145390,21436619,145385,12522509628,2327390729
1782718810250,75446,259950437,147016,0,0,1689196986,16450085832,147015,21576506,147010,12662714383,2356052879
1782718810503,75698,262796524,148558,0,0,1703451995,16614541268,148557,21853362,148552,12785005589,2380514891
1782718810754,75951,267958297,150125,0,0,1714869557,16795981738,150124,21985634,150115,12928702272,2405000023
1782718811006,76201,268488015,150782,0,0,1732463162,16844257778,150782,22037777,150773,12965416350,2412081016
1782718811256,76452,271001654,151523,0,0,1750539251,16912758636,151523,22094474,151514,13015431492,2425077000
1782718811513,76709,273140184,152515,0,0,1759996962,17037158483,152515,22181913,152506,13105089580,2445422453
1782718811766,76963,274698828,153494,0,0,1776196537,17139912077,153494,22262372,153485,13180145076,2458766678
1782718812018,77214,277426217,154997,0,0,1796399280,17346382273,154996,22436387,154987,13344234895,2485067602
1782718812270,77466,280299548,156574,0,0,1826484148,17535084424,156573,22925721,156564,13485306515,2516135000
1782718812520,77716,283342641,158174,0,0,1842667857,17705286828,158173,23101521,158164,13618830104,2537808874
1782718812771,77968,284734484,159632,0,0,1851540884,17886085269,159631,23227931,159622,13753504631,2563781694
1782718813021,78217,286334647,161105,0,0,1867616832,18048787650,161104,23397463,161095,13874989287,2591882863
1782718813273,78469,289993809,162600,0,0,1884429173,18225427422,162599,23533753,162589,14012417419,2618573460
1782718813524,78720,292331021,164009,0,0,1885035975,18379384486,164009,24033054,163999,14129007798,2637653869
1782718813779,78976,294873755,165517,0,0,1898633177,18544989408,165516,24163534,165506,14254117402,2659719150
1782718814032,79228,296844974,166945,0,0,1898835151,18703701564,166944,24281651,166934,14380249974,2677579178
1782718814283,79479,298791949,168331,0,0,1927164775,18865348637,168330,24872588,168320,14496361547,2706274275
1782718814535,79731,300969052,169886,0,0,1939752306,19037624797,169885,25003792,169875,14627282656,2726273084
1782718814786,79983,304839909,171387,0,0,1956219353,19218540320,171386,25513194,171372,14764048710,2752662391
1782718815038,80234,306305599,172367,0,0,1968497263,19332113939,172366,25595031,172352,14848691043,2763978106
1782718815290,80486,307562115,172863,0,0,1968568462,19389820930,172863,25636381,172849,14891039493,2772690505
1782718815571,80767,308692513,173606,0,0,1968666064,19484838810,173606,25694704,173592,14965163075,2788620238
1782718815824,81020,309026197,174103,0,0,1968727465,19520052703,174102,25731127,174088,14994608492,2792021769
1782718816076,81272,311436834,175640,0,0,1994199530,19668606803,175640,25853734,175626,15110511397,2811083478
1782718816327,81523,314121481,177128,0,0,2008433994,19836177685,177128,25977531,177114,15238718791,2833261026
1782718816579,81775,317782344,178623,0,0,2024972262,20002049835,178622,26107834,178567,15360305208,2856635017
1782718816830,82026,320082876,180149,0,0,2025203709,20159125772,180149,26240639,180085,15481035706,2877468888
1782718817081,82277,323230381,181634,0,0,2044365656,20344430263,181634,26367538,181552,15618825303,2906106610
1782718817333,82529,324907108,183146,0,0,2055484819,20518489830,183145,26533607,183061,15749830393,2932620375
1782718817584,82780,326560638,184313,0,0,2056047661,20655673957,184312,26644647,184228,15852718255,2954785959
1782718817836,83032,328428170,185753,0,0,2072992284,20843687011,185752,26783462,185668,15993745642,2984277878
1782718818090,83286,329799527,187238,0,0,2086098494,21018095538,187237,26912459,187153,16132759848,3003248635
1782718818352,83548,331680977,188228,0,0,2097235497,21131059745,188228,27747554,188144,16224645070,3017788314
1782718818604,83801,333580600,189456,0,0,2097421972,21279796964,189456,27859078,189372,16336114930,3039391520
1782718819029,84225,333896026,189838,0,0,2116700172,21324069769,189838,27889734,189750,16367482166,3046277169
1782718819360,84556,334281262,190331,0,0,2117477065,21379227314,190331,27930309,190238,16410474346,3050656373
1782718819611,84808,336437379,191416,0,0,2123520198,21473180553,191415,28009133,191322,16486497091,3061519521
1782718819882,85078,337575618,192598,0,0,2130772511,21553710434,192598,28099031,192505,16545929567,3072677399
1782718820134,85330,338447595,193844,0,0,2130919388,21624339219,193844,28188510,193751,16602130156,3080276430
1782718820386,85582,342032897,195203,0,0,2155376525,21765492959,195202,28301652,195109,16706511336,3102806938
1782718820636,85833,344551541,196812,0,0,2156219136,21950411714,196812,28435870,196669,16849833159,3129491928
1782718820892,86088,344566070,196819,0,0,2167074822,21952231181,196818,28436872,196675,16850765018,3130261557
1782718821142,86338,344693428,197040,0,0,2167103237,21966318025,197040,28452839,196897,16860736659,3131962677
1782718821393,86589,344693428,197040,0,0,2167103237,21966318025,197040,28452839,196897,16860736659,3131962677
1782718821759,86956,344693428,197040,0,0,2167103237,21966318025,197040,28452839,196897,16860736659,3131962677
1782718822130,87326,344729748,197102,0,0,2167107053,21969266793,197071,28454231,196908,16862371939,3133225945
1782718822383,87579,344729748,197102,0,0,2167107053,21969266793,197071,28454231,196908,16862371939,3133225945
1782718822763,87960,344729748,197102,0,0,2167107053,21969266793,197071,28454231,196908,16862371939,3133225945
1782718823481,88677,344746218,197112,0,0,2167108399,21970212760,197076,28454561,196909,16863188832,3133341017
1782718824077,89273,344780280,197142,0,0,2167110689,21972631622,197091,28455841,196919,16865247680,3133659967
1782718824334,89530,345741034,197789,0,0,2181166381,22038498043,197736,28509752,197564,16916454477,3142682869
1782718824586,89782,348701166,200200,0,0,2196585755,22264621372,200147,28711760,199975,17082273057,3180644713
1782718824837,90033,353356813,202378,0,0,2211775099,22488580921,202325,28889829,202103,17251105111,3214737715
1782718825089,90285,355869257,204453,0,0,2225480508,22713381925,204400,29059473,204122,17417965672,3251251562
1782718825341,90537,359986844,206707,0,0,2238789219,22935630535,206654,29212666,205969,17579859153,3283534831
1782718825605,90802,363424932,208925,0,0,2256506888,23170192372,208872,29369423,207867,17742337647,3328917855
1782718825856,91052,366094899,211238,0,0,2268823601,23367167386,211185,29530388,209884,17888958569,3355714986
1782718826110,91306,385762732,213048,0,0,2284655084,23526100035,212996,29668336,211695,18006855037,3375140680
1782718826363,91559,387011238,214660,0,0,2298136616,23647896496,214607,29785845,213306,18093721640,3391949612
1782718826615,91811,390660293,216555,0,0,2315802681,23873163031,216502,29950950,215201,18256520212,3426204484
1782718826865,92061,401722254,218438,0,0,2331673716,24088144142,218385,30122789,217080,18409391989,3463872019
1782718827123,92319,403951170,220342,0,0,2345468998,24321051129,220289,30271377,218858,18584360546,3498608573
1782718827375,92571,406890870,222132,0,0,2361133249,24543900504,222079,33226212,220437,18754793680,3530016763
1782718827627,92824,409045500,223763,0,0,2392981189,24760319147,223710,33340653,221759,18911481331,3555974084
1782718827878,93074,412299953,225603,0,0,2405551595,24988274845,225550,33486019,223307,19073969829,3590991381
1782718828131,93327,415494954,227481,0,0,2421270930,25204561353,227428,33967656,224797,19236305808,3618301468
1782718828384,93580,417292950,229413,0,0,2437410006,25435816713,229360,34114017,226492,19400602808,3655260456
1782718828636,93832,421474671,231347,0,0,2451551258,25661540185,231294,34251665,228016,19558897604,3687642785
1782718828888,94084,423642383,233402,0,0,2464748205,25883578324,233349,39412211,229510,19720471087,3721971927
1782718829140,94336,425781430,235403,0,0,2493082016,26095744153,235350,39547856,231020,19872193121,3758354819
1782718829392,94588,429373806,237184,0,0,2506397197,26323045691,237131,39661980,232312,20043226254,3790770883
1782718829644,94841,431144247,239258,0,0,2518308846,26551708196,239205,39797000,233807,20199701162,3829986624
1782718829895,95091,434950490,241323,0,0,2536407475,26775391170,241270,40475259,235428,20353178316,3874991559
1782718830148,95344,438181101,243575,0,0,2548148050,27007421746,243522,40621176,237133,20507006688,3912428172
1782718830401,95597,440688550,245332,0,0,2562761440,27222510556,245279,41292280,238522,20659136104,3942210801
1782718830652,95849,443112900,246974,0,0,2593214673,27445271876,246921,41417761,239841,20829100762,3967771847
1782718830917,96113,445801890,248779,0,0,2593820988,27657684016,248726,41529016,240992,20981186744,3998849177
1782718831168,96364,449388432,250736,0,0,2635072624,27877123807,250683,41654569,242442,21142557949,4028760986
1782718831419,96615,452160119,252646,0,0,2651266167,28106709467,252593,41800131,244089,21310232683,4062823932
1782718831671,96868,455691957,254614,0,0,2660643625,28336937289,254561,41918171,245441,21474566016,4102009312
1782718831923,97118,457870146,256654,0,0,2670873770,28570147659,256601,42047590,246858,21649443877,4130991835
1782718832176,97372,460192226,258659,0,0,2692107747,28793507432,258606,42166658,248196,21809350374,4157769341
1782718832429,97625,462405406,260792,0,0,2700756763,29025026257,260739,42323452,249969,21967177423,4197888752
1782718832681,97877,464519413,262490,0,0,2719558835,29246203190,262437,42437281,251276,22130333462,4232658026
1782718832932,98128,467623405,264350,0,0,2744344652,29464576489,264298,42551623,252472,22285688672,4262828767
1782718833183,98379,470020481,266136,0,0,2780580310,29667947097,266083,42676901,253864,22431243405,4290866081
1782718833434,98630,473908780,268140,0,0,2796885095,29893821913,268087,42804494,255272,22588789703,4330778995
1782718833687,98884,475935260,270172,0,0,2811043950,30122699682,270119,42932963,256722,22757436434,4363783961
1782718833939,99135,478366180,272363,0,0,2825280067,30351261994,272310,43081961,258399,22919085470,4396781057
1782718834192,99388,485721589,274361,0,0,2842815630,30573351906,274308,43216135,259905,23077554197,4429388127
1782718834444,99640,489437280,276370,0,0,2858912978,30795814817,276317,44104253,261429,23235191716,4457442692
1782718834698,99895,493402491,277984,0,0,2873839609,31019300691,277931,48569626,262650,23364032585,4516604611
1782718834949,100145,502440953,279782,0,0,2888509061,31242830042,279729,48701361,264130,23527171173,4545338743
1782718835207,100403,504290567,281367,0,0,2909176820,31467248962,281314,48802007,265266,23689133403,4584576654
1782718835461,100657,507467106,283039,0,0,2923294538,31693932611,282986,48926381,266624,23828717392,4615951167
1782718835713,100909,510370718,284826,0,0,2955375035,31906914808,284773,49045238,267859,23979830919,4646970868
1782718835966,101162,515993990,286428,0,0,2972349865,32131789965,286375,49566426,268942,24139109566,4689916824
1782718836219,101415,518710710,288462,0,0,2991603504,32356638733,288409,49707427,270361,24290719615,4730439735
1782718836473,101669,521287758,290352,0,0,3009662705,32583200645,290299,49846605,271888,24456660085,4762227214
1782718836728,101925,524274592,292359,0,0,3025347752,32809393830,292306,49983571,273311,24623309323,4793631621
1782718836978,102174,527622970,294524,0,0,3039252263,33036939202,294471,50542580,274830,24783285855,4835172944
1782718837231,102427,529876628,296603,0,0,3055928475,33264871480,296550,51510037,276427,24942876748,4872623335
1782718837485,102681,532620838,298701,0,0,3074026474,33488905733,298648,51663962,278106,25094217966,4909290544
1782718837736,102933,538042773,300591,0,0,3108034203,33695648864,300538,51789316,279514,25247708181,4935828103
1782718837988,103184,540100440,302166,0,0,3122372286,33916757261,302113,52804658,280739,25397986015,4963861809
1782718838240,103436,543488306,304133,0,0,3138627806,34143022610,304080,53322187,282188,25558002915,4994876850
1782718838492,103688,545782224,306346,0,0,3150544013,34372499573,306293,53457841,283703,25721662540,5028761026
1782718838743,103940,549753288,308355,0,0,3165569661,34595231943,308302,53593510,285206,25886274514,5061373990
1782718838994,104190,553876812,310297,0,0,3189919992,34811500550,310244,53733111,286771,26031410697,5095214741
1782718839245,104441,560880633,312366,0,0,3195007722,35039408542,312313,53882191,288467,26189038000,5133007350
1782718839496,104691,565294927,314294,0,0,3210085326,35261852986,314241,54031600,290070,26350250503,5164027539
1782718839746,104943,567470546,316012,0,0,3241387316,35471856602,315959,54155866,291437,26495756284,5195579656
1782718839998,105194,570099339,318084,0,0,3260208324,35696112094,318031,54279550,292830,26656144850,5227839795
1782718840248,105444,575048419,320270,0,0,3275296966,35918510412,320217,54420503,294353,26813324446,5265372365
1782718840499,105695,578573212,322312,0,0,3293031104,36143050630,322259,54909885,296004,26972976022,5297466018
1782718840752,105949,581815964,324342,0,0,3306641996,36373546672,324289,55103480,297563,27138691034,5335032287
1782718841003,106199,584684558,326347,0,0,3323517179,36601721324,326294,55251947,299285,27307437867,5368279799
1782718841255,106451,587250076,328280,0,0,3339683447,36824052506,328228,55794154,300787,27465189936,5403743495
1782718841506,106702,590605517,330367,0,0,3355783158,37046223211,330314,55956111,302581,27617722946,5443054383
1782718841759,106956,592794709,332261,0,0,3376696831,37269209644,332208,56095224,304063,27775026581,5474140114
1782718842014,107209,594083679,334228,0,0,3387287676,37391725470,334175,56256514,305739,27866976007,5484993411
1782718842266,107462,598820174,335762,0,0,3402178632,37618826516,335709,56393033,307237,28036267600,5515354208
1782718842519,107715,603500429,337766,0,0,3419551054,37842559893,337713,56563904,309100,28199368352,5545142559
1782718842771,107968,606647261,339857,0,0,3436933590,38070763105,339804,56724253,310898,28366747262,5579722757
1782718843022,108218,616613776,341864,0,0,3460329251,38285182380,341811,56865151,312516,28519862826,5611587116
1782718843273,108469,620186996,343958,0,0,3475985907,38512655193,343905,57016027,314199,28681480196,5643596278
1782718843524,108720,623223532,346227,0,0,3486543627,38743174452,346174,57174551,316062,28849232906,5676209722
1782718843775,108972,625064256,348259,0,0,3511827268,38956422722,348206,57325626,317826,29008211386,5706090825
1782718844028,109224,629044881,350292,0,0,3536238674,39172789282,350239,57463275,319413,29164157136,5738777769
1782718844279,109475,631255149,352280,0,0,3554287896,39391528789,352227,57613781,321103,29317207249,5779730460
1782718844530,109726,635583121,354620,0,0,3570460310,39613127925,354567,58507702,322863,29483710804,5810783365
1782718844782,109979,639258942,356850,0,0,3584832400,39841140879,356797,58671454,324814,29652220922,5840752252
1782718845034,110230,641667178,359247,0,0,3600208028,40072213973,359194,58844357,326880,29819682485,5871315022
1782718845286,110482,645302155,361433,0,0,3616847690,40297368985,361380,59003950,328807,29985206373,5903215511
1782718845539,110735,648419906,363610,0,0,3633483687,40524434046,363557,59518005,330602,30144297927,5935923682
1782718845791,110988,651519874,365517,0,0,3654828690,40747594958,365464,59663141,332139,30295960286,5971757227
1782718846043,111239,656775715,367534,0,0,3677997102,40964000436,367481,59803881,333801,30457268422,5995487380
1782718846297,111493,660966381,369248,0,0,3695493683,41176118231,369195,59935170,335322,30611293642,6023466864
1782718846549,111745,664758472,371146,0,0,3713269712,41402251334,371093,60058746,336662,30765194177,6064733001
1782718846802,111999,668519763,373128,0,0,3733285015,41624868816,373075,60203578,338150,30924834236,6096582357
1782718847055,112251,671049437,375182,0,0,3747981706,41856954134,375129,60761723,339614,31089316535,6135266679
1782718847308,112504,673847211,377287,0,0,3765653849,42083647636,377234,61399019,341286,31247937062,6167497224
1782718847559,112755,679568618,379071,0,0,3781866455,42306482126,379019,62261918,342644,31401543792,6207614049
1782718847811,113007,683016405,380935,0,0,3798417663,42527112154,380882,62401625,343957,31558579467,6239688623
1782718848062,113258,685278258,383248,0,0,3812268358,42758362155,383195,62545024,345597,31732248935,6265832905
1782718848313,113509,688501348,385217,0,0,3835893241,42978122249,385164,62693635,347316,31889722846,6297118818
1782718848564,113760,690337341,387260,0,0,3862508219,43188736137,387207,63744348,348783,32034283127,6331568669
1782718848816,114012,694832270,389005,0,0,3880730630,43413927654,388952,64616527,350443,32190064629,6364947934
1782718849069,114265,697584393,390939,0,0,3903553960,43632489196,390886,64742850,351850,32347757196,6395086345
1782718849320,114516,702993018,392510,0,0,3917621086,43857072290,392457,64859698,353048,32510860875,6427019944
1782718849571,114767,706851317,393983,0,0,3933845767,44016138282,393844,64952308,353946,32621567226,6451251593
1782718849822,115018,707017959,394187,0,0,3933858636,44023333557,393946,64956647,353996,32625704761,6454038128
1782718850074,115270,707017959,394187,0,0,3933858636,44023333557,393946,64956647,353996,32625704761,6454038128
1782718850352,115548,707188453,394397,0,0,3933875411,44032712445,394051,64959839,354018,32631921988,6456910740
1782718850645,115842,707341378,394607,0,0,3933888558,44042226219,394156,64961157,354025,32636772092,6460413268
1782718850897,116093,707582930,395047,0,0,3933912343,44058101742,394376,64965338,354076,32648345820,6463853241
1782718851200,116396,707667994,395257,0,0,3933924243,44064497326,394481,64965873,354078,32652608403,6465381413
1782718851461,116657,707741990,395467,0,0,3940860463,44068879655,394586,64966265,354080,32656049083,6466230297
1782718851815,117011,707877920,395745,0,0,3941415351,44083083384,394725,64966265,354080,32664256038,6470344462
1782718852361,117557,708442009,395998,0,0,3962937900,44088959646,394851,64968560,354098,32668034822,6471473158
1782718852612,117809,708548255,396165,0,0,3962946311,44096046836,394935,64968560,354098,32670120260,6476349693
1782718852863,118059,708626875,396290,0,0,3963306200,44107345511,394997,64970103,354108,32678506730,6478420500
1782718853115,118310,710274080,397471,0,0,4001093403,44241473438,396176,65059227,355204,32773397671,6495249793
1782718853367,118563,712668893,398985,0,0,4024750524,44469178331,397690,65188852,356657,32924283459,6526105080
1782718853628,118825,715556304,400799,0,0,4037755874,44702727784,399504,65336343,358417,33094733355,6560925665
1782718853884,119080,718300461,402744,0,0,4096694798,44884741402,401449,65434319,359554,33221070003,6583020007
1782718854149,119345,721239346,405940,0,0,4114305251,45092067614,404646,65630829,362304,33376777313,6608596605
1782718854415,119611,724288752,408865,0,0,4126834565,45279875219,407571,65831642,365086,33501778242,6642388845
1782718854676,119873,726509798,411058,0,0,4145014357,45469160053,409764,65985395,367138,33638715099,6678349519
1782718854933,120129,730519796,413121,0,0,4153386556,45667565374,411826,66155499,369075,33787768635,6703499923
1782718855197,120393,736670909,416251,0,0,4179197785,45885988229,414957,66371652,371885,33942072427,6737265146
1782718855472,120668,739654980,419473,0,0,4189451362,46067575839,418179,66600297,375030,34081037275,6760535856
1782718855728,120925,742653611,421680,0,0,4193248481,46244428768,420386,66778823,377181,34202401171,6791429704
1782718855986,121182,747660496,424238,0,0,4201594811,46412560047,422943,66959208,379655,34325300217,6816913499
1782718856240,121436,752269679,427097,0,0,4235897975,46593722462,425803,67262610,382394,34470237378,6836918391
1782718856510,121706,754830639,430050,0,0,4242344423,46771157087,428756,67464136,385241,34599462687,6858384327
1782718856784,121981,758189060,433003,0,0,4252308313,46960913418,431709,67684990,388126,34742420853,6883928341
1782718857036,122232,763043797,435366,0,0,4264953685,47133049385,434071,67844974,390344,34855531368,6918935576
1782718857301,122497,765714744,438275,0,0,4297317574,47304765289,436980,68265531,393131,34982760638,6943911900
1782718857560,122756,771068580,439665,0,0,4314120586,47504054798,438370,68366329,394480,35092864027,7005189201
1782718857833,123028,773112243,441516,0,0,4338608405,47733729733,440222,68543592,396225,35275742551,7031512774
1782718858085,123281,776435863,442996,0,0,4355046117,47916111971,441701,70364520,397568,35410670051,7062122022
1782718858422,123617,781030604,444843,0,0,4370240076,48140388297,443548,71470453,399295,35570717044,7103853639
1782718858724,123921,783686308,446729,0,0,4400481277,48299477393,445434,71600857,401040,35697373432,7125306276
1782718858980,124176,789478443,448992,0,0,4423505673,48518268217,447697,71780603,403171,35849910549,7163241529
1782718859233,124429,792511428,451023,0,0,4447285193,48737780423,449729,71940802,405198,36010329514,7191735349
1782718859486,124682,796335705,453289,0,0,4459360993,48966262919,451994,73399495,407219,36168079825,7224200201
1782718859739,124936,803112005,455206,0,0,4474083595,49189188914,453911,74344993,408989,36330044845,7260435416
1782718859990,125186,807177029,457516,0,0,4484853600,49419920691,456221,74496921,410645,36492986172,7296111637
1782718860244,125440,810955519,459453,0,0,4501000584,49649750471,458158,74634383,412277,36654026605,7331931215
1782718860496,125692,816095698,461183,0,0,4517039556,49869897471,459888,74768773,413570,36811094988,7362974054
1782718860759,125956,819209892,463483,0,0,4526182834,50114340626,462188,74915073,415240,36981801086,7392641571
1782718861011,126207,823470568,465624,0,0,4547660402,50329791199,464329,75091092,416755,37134321541,7423515568
1782718861262,126458,826793852,467841,0,0,4579041791,50545997742,466546,75213692,418134,37295876999,7448497489
1782718861519,126715,830456539,469951,0,0,4592169734,50780438902,468656,75919575,419644,37455297756,7483789339
1782718861774,126971,833032611,471800,0,0,4608722902,51010135848,470505,76052716,421008,37621258959,7517116766
1782718862271,127467,834285248,473586,0,0,4608956586,51129350298,472292,76140748,422062,37703955054,7533295168
1782718862531,127727,836567003,474553,0,0,4635390646,51341531070,473258,76213003,422765,37864414673,7562054672
1782718862782,127979,840407099,476378,0,0,4660030317,51547111872,475083,76983167,424003,38021374654,7586736218
1782718863104,128300,844996287,479209,0,0,4691504017,51834371719,477914,77956202,426047,38219760714,7621374143
1782718863359,128555,848594934,480936,0,0,4705162924,52066351661,479642,78075025,427361,38372718319,7653437709
1782718863637,128834,854390474,483678,0,0,4716020728,52316878133,482383,78261480,429560,38552646486,7690597332
1782718863899,129095,858856860,485825,0,0,4729965763,52548976239,484530,78430733,431547,38711752734,7727851333
1782718864178,129374,864137116,488382,0,0,4746209072,52769108859,487087,78621101,433900,38875800199,7750500118
1782718864453,129649,868517112,490252,0,0,4757094727,53020879709,488957,78773578,435572,39049172395,7796308602
1782718864704,129901,871934054,492891,0,0,4783757896,53184871816,491596,78955505,438027,39170385172,7814947288
1782718864958,130154,875693069,494780,0,0,4796878816,53365219760,493486,79118712,439774,39288950738,7845288410
1782718865210,130406,877838979,496964,0,0,4814928783,53523987200,495670,79280286,441794,39403898822,7868400217
1782718865461,130657,883272875,499347,0,0,4833211758,53701232481,498052,79439145,443896,39532039648,7902304543
1782718865713,130910,884871857,501176,0,0,4849125836,53834203575,499881,79566505,445536,39627863561,7917266686
1782718865967,131163,888431282,503259,0,0,4863679758,54066715019,501964,79740772,447560,39788325663,7955335410
1782718866256,131452,891471658,506547,0,0,4874416119,54318104009,505253,79961724,450632,39977626183,7982270667
1782718866507,131703,894288096,509200,0,0,4880925310,54477956336,507906,80133384,452979,40099918955,8001173695
1782718866760,131957,896870005,510995,0,0,4894376766,54662814825,509700,80280467,454677,40233683560,8028809166
1782718867012,132208,900243631,513157,0,0,4908837165,54888777002,511862,80457604,456719,40394583940,8062267421
1782718867263,132459,903639122,515233,0,0,4940343056,55104401296,513938,80605581,458504,40549920296,8094907628
1782718867514,132710,908125416,517695,0,0,4957107286,55327435684,516400,81087288,460192,40708556807,8132868951
1782718867765,132962,911396123,519840,0,0,4972897812,55552304001,518545,81648909,461775,40878477841,8162732949
1782718868017,133212,914085309,521856,0,0,4986022445,55783612651,520561,82125608,463168,41045504159,8192279290
1782718868269,133465,918726325,523705,0,0,5000683392,56011704654,522410,82256007,464469,41203059077,8224676676
1782718868522,133718,922998100,525932,0,0,5019121106,56235501923,524637,83111272,465782,41363403231,8256159249
1782718868773,133970,926440740,527505,0,0,5038096579,56453783475,526210,83233402,466814,41517080421,8296891017
1782718869026,134222,930608484,529399,0,0,5052478980,56676152454,528104,83363919,468162,41678384207,8326391106
1782718869277,134473,933670033,531180,0,0,5082085472,56894060020,529885,83498078,469521,41835389914,8356143747
1782718869529,134725,937340487,533195,0,0,5095322773,57123781347,531900,83639146,471071,41992008965,8395708718
1782718869781,134978,941321485,535272,0,0,5110000913,57352749849,533977,83773022,472499,42159307829,8421899267
1782718870034,135230,945583324,537193,0,0,5131558897,57566423071,535898,83948499,473874,42315113330,8450575240
1782718870289,135484,950997237,539254,0,0,5149906694,57794514330,537959,84082105,475312,42477833700,8481214276
1782718870540,135736,953924588,541386,0,0,5163671810,58022138041,540091,84204052,476692,42629061096,8516321259
1782718870792,135989,956057232,542974,0,0,5220264331,58209015159,541679,84997523,477659,42757923412,8542842241
1782718871044,136240,958813866,544622,0,0,5232661972,58436809833,543327,85108859,478860,42920763373,8571623675
1782718871295,136490,961579926,546367,0,0,5245942877,58660221741,545072,85224795,480087,43079684774,8608090145
1782718871547,136742,966178097,548282,0,0,5278045618,58867691755,546987,85324588,481147,43221189384,8642958396
1782718871800,136997,969976836,550415,0,0,5293526582,59094120216,549120,85893414,482406,43386139519,8674532195
1782718872053,137249,973677649,552513,0,0,5310650613,59320249868,551218,86030695,483952,43550435723,8705415798
1782718872304,137500,976827047,554709,0,0,5324859136,59547653627,553414,86689676,485416,43717583598,8737439883
1782718872601,137797,979974371,557617,0,0,5333978977,59751721723,556323,86957265,487366,43864165020,8763654700
1782718872994,138190,980741742,558306,0,0,5334077572,59805020586,557012,87004091,487890,43901899709,8770369162
1782718873245,138441,982535476,559860,0,0,5341697846,60003717336,558565,87112301,489050,44047949708,8795786510
1782718873496,138692,986124771,561928,0,0,5357857670,60224959914,560633,87268805,490834,44194139347,8828290058
1782718873749,138945,989366822,563607,0,0,5378633133,60440656205,562312,87410207,492307,44342423453,8861404557
1782718874004,139200,992209442,565435,0,0,5407877139,60646681575,564140,87556979,493935,44484019880,8893951785
1782718874256,139452,996816217,567532,0,0,5442094106,60865613529,566237,88622493,495465,44629913221,8927700999
1782718874507,139703,1001258330,569693,0,0,5454998749,61092054717,568398,88750805,496858,44789516132,8965157241
1782718874760,139957,1005035806,571719,0,0,5468310780,61321912717,570424,88881738,498105,44949389705,9002244392
1782718875010,140206,1007718723,573762,0,0,5482265642,61548660425,572467,89023410,499706,45114419532,9031283219
1782718875261,140457,1011961382,575665,0,0,5495207479,61773020591,574370,89128842,500853,45279102213,9059611372
1782718875512,140708,1015567788,577678,0,0,5504106311,62002425603,576383,89279438,502422,45436903487,9097080204
1782718875764,140961,1020079036,579619,0,0,5517971520,62220179419,578324,89402399,503620,45586966665,9131397264
1782718876015,141211,1022662913,581503,0,0,5539562946,62439741237,580208,89536435,504952,45738593778,9164850333
1782718876266,141462,1026846826,583676,0,0,5550907193,62666265296,582381,89683228,506497,45897105547,9198127469
1782718876518,141714,1028978831,585104,0,0,5581994665,62854442373,583809,89782788,507571,46017571825,9224443082
1782718876775,141972,1031570169,587167,0,0,5600451992,63083254693,585872,89936671,509148,46183531804,9255171841
1782718877030,142226,1035235542,589312,0,0,5613063381,63307453189,588017,90076308,510688,46339564568,9294038435
1782718877283,142479,1038754255,591057,0,0,5628399709,63535361992,589762,90206538,512053,46503482168,9323415124
1782718877535,142731,1042215283,592872,0,0,5661168477,63744515040,591577,90951184,513277,46647229149,9357193978
1782718877786,142982,1045289425,594523,0,0,5674903793,63967971440,593228,91066107,514438,46801032889,9387852851
1782718878036,143232,1047285339,595743,0,0,5675032164,64065570844,594339,91123420,515129,46869049886,9402044779
1782718878302,143498,1047603913,596161,0,0,5706265920,64084120056,594548,91187843,515212,46879753456,9408397529
1782718878553,143749,1048342383,596789,0,0,5706305822,64111515729,594862,91193218,515256,46896903084,9417400075
1782718878984,144180,1048972874,597646,0,0,5706354172,64131431646,595290,91205264,515391,46910405150,9422714167
1782718879248,144444,1049436353,597934,0,0,5729647930,64142335872,595435,91207487,515406,46917962530,9425307635
1782718879500,144696,1049663176,598400,0,0,5747595390,64159880791,595667,91212119,515466,46928957077,9431319456
1782718879753,144950,1054117450,598770,0,0,5775828341,64171387565,595853,91215015,515492,46938359961,9433100216
1782718880040,145236,1054467190,599156,0,0,5775849259,64179548479,596046,91217519,515516,46943353812,9435959283
1782718880295,145491,1054539220,599365,0,0,5775860580,64185415187,596150,91217519,515516,46947867819,9437081149
1782718880580,145776,1054656677,599784,0,0,5775877246,64190925884,596360,91218114,515521,46951265637,9439009119
1782718880833,146029,1054901484,600277,0,0,5775902809,64214472743,596606,91224206,515595,46968627124,9444638783
1782718881107,146303,1057060114,600943,0,0,5775972828,64255913774,597179,91256575,516016,47000245721,9448104930
1782718881359,146555,1059029496,603135,0,0,5776240126,64426017261,599370,91399876,517921,47120264996,9466907348
1782718881613,146810,1060247955,604379,0,0,5823353295,64598508567,600614,91482669,518954,47243092168,9487323344
1782718881869,147065,1063037776,607217,0,0,5830221906,64801023635,603453,91680635,521610,47382339899,9515520107
1782718882135,147331,1064675605,609161,0,0,5861530992,64994804771,605396,91824039,523502,47535049334,9532882656
1782718882386,147581,1067017934,611974,0,0,5885563552,65179409835,608209,92009963,526087,47675251915,9549445472
1782718882668,147865,1070073639,615560,0,0,5899213447,65389963055,611796,92254872,529473,47827009515,9580807032
1782718882935,148131,1079016477,618233,0,0,5934731846,65550580304,614469,92438628,531944,47945330842,9603959452
1782718883208,148404,1081360278,621114,0,0,5940877677,65760465688,617349,92642333,534731,48100071202,9634613074
1782718883463,148659,1084643441,624190,0,0,5963173714,65948622504,620426,92855007,537506,48233797579,9662203495
1782718883714,148911,1086881452,626841,0,0,5980933343,66130343856,623076,93039029,540020,48363484263,9684130398
1782718883968,149164,1089336505,629782,0,0,6008644557,66307427862,626017,93253295,542831,48496234429,9707490184
1782718884248,149444,1092344578,633219,0,0,6021847705,66516168317,629455,93488643,546099,48649681900,9741307427
1782718884499,149695,1095186322,635858,0,0,6030474806,66681466034,632094,93664686,548495,48771820515,9767766528
1782718884750,149947,1098248145,638765,0,0,6051779588,66881054957,635001,93862795,551142,48920899471,9796261847
1782718885002,150198,1104954592,641817,0,0,6062457834,67065887196,638052,94075995,554081,49050442223,9823724940
1782718885253,150449,1109342702,643909,0,0,6084888338,67265692152,640144,94215574,555932,49204701943,9848224075
1782718885504,150700,1114417369,646081,0,0,6098833680,67489092812,642316,94367058,557801,49360375744,9886516509
1782718885756,150952,1117170199,648190,0,0,6112349521,67717683351,644425,95298769,559551,49521878993,9924585023
1782718886008,151203,1129493098,650033,0,0,6124495560,67939790430,646268,95421226,561040,49688538054,9955650621
1782718886260,151456,1133079266,652073,0,0,6142990487,68154300809,648308,95526289,562250,49849029121,9984117082
1782718886511,151707,1135653030,654138,0,0,6166098960,68377516628,650373,95647246,563617,50007514509,10015843943
1782718886764,151961,1139258453,656495,0,0,6189322653,68595893347,652730,95781768,565171,50153178775,10045450668
1782718887016,152212,1141723856,658643,0,0,6221746920,68808066278,654878,95892383,566478,50305135016,10078368635
1782718887267,152463,1144740266,660593,0,0,6251325161,69017287154,656828,96009409,567822,50459492616,10103059061
1782718887519,152715,1146772826,662382,0,0,6267705020,69246914871,658617,96118510,568957,50621166247,10136441065
1782718887773,152970,1151282635,664271,0,0,6281302011,69474233629,660506,96290500,570370,50772419668,10171335133
1782718888025,153221,1159793844,666160,0,0,6296246101,69692484949,662395,96396520,571503,50936058759,10193046161
1782718888276,153472,1162723512,667940,0,0,6311739647,69914506483,664175,96513412,572738,51093130684,10220117847
1782718888528,153724,1167527123,669798,0,0,6324786487,70143521905,666033,96661484,573884,51261523243,10248556912
1782718888780,153977,1171609956,671393,0,0,6353198753,70356275466,667628,96761463,574825,51415064248,10276629931
1782718889032,154228,1175775735,673326,0,0,6371126567,70578443627,669561,96868096,575984,51573011411,10310737969
1782718889283,154479,1180028416,674989,0,0,6383694996,70805278287,671224,97361191,577194,51725325867,10347281691
1782718889535,154731,1182663755,676898,0,0,6397831870,71036856665,673133,97462444,578235,51891178432,10387041277
1782718889787,154984,1185440074,679058,0,0,6411391519,71267804932,675293,97597093,579709,52055545905,10413496663
1782718890041,155236,1189333527,680814,0,0,6427277685,71495655494,677049,97725341,581125,52224151952,10443208683
1782718890294,155490,1192057096,683357,0,0,6438994324,71724013305,679593,97867521,582794,52384449869,10474362751
1782718890546,155742,1197778785,685236,0,0,6456823076,71945749992,681471,97981886,583977,52541903806,10504788388
1782718890798,155995,1200619961,687119,0,0,6475310434,72165448708,683354,98106268,585268,52696711913,10537841376
1782718891049,156245,1206445928,689188,0,0,6489486291,72383622576,685423,98215935,586436,52852878356,10568231687
1782718891300,156496,1209290779,690834,0,0,6508557867,72597346891,687069,98329964,587494,52998121907,10609171635
1782718891552,156748,1214662984,692957,0,0,6542947773,72809544090,689192,98436372,588626,53136901466,10649424744
1782718891803,157000,1218690913,694489,0,0,6584274737,73010383796,690724,98554741,589725,53281197992,10681180810
1782718892058,157254,1221702821,696896,0,0,6602733507,73236117281,693131,98742820,591208,53440952531,10715764009
1782718892312,157508,1224058569,698620,0,0,6622113917,73464672096,694855,98866167,592401,53601406549,10755752530
1782718892565,157760,1226882107,700328,0,0,6647179062,73682650605,696563,98965215,593316,53752006737,10794461292
1782718892821,158017,1231174779,702024,0,0,6665930737,73908342919,698259,99100552,594566,53907430136,10836756425
1782718893073,158269,1235027709,703908,0,0,6680499796,74133399948,700143,99214066,595597,54070380907,10867840111
1782718893328,158524,1239885513,708611,0,0,6690167273,74368332884,704846,99384654,599133,54227601611,10910299529
1782718893586,158782,1243588078,713880,0,0,6702379135,74604739535,710115,99555388,602665,54388372979,10948529552
1782718893838,159034,1247256440,720387,0,0,6709872549,74837481204,716623,99752071,607978,54543647343,10991858234
1782718894089,159285,1250903188,726990,0,0,6713274446,75076828672,723225,99987675,614025,54718221532,11024075658
1782718894339,159535,1254273077,732216,0,0,6719777068,75312398986,728451,100174761,618154,54886264120,11059200535
1782718894591,159787,1257805108,738591,0,0,6723450107,75552158655,734826,100401098,623848,55057390517,11093245420
1782718894843,160039,1261894591,741375,0,0,6728148115,75789436800,737610,101077160,626411,55233943711,11127505530
1782718895093,160289,1265205757,743359,0,0,6755763650,76004995635,739594,101605568,628042,55389551202,11161527658
1782718895346,160542,1268591624,745521,0,0,6777051231,76227199671,741757,101841704,629777,55549297163,11195966425
1782718895602,160798,1272262470,747573,0,0,6797254293,76452458496,743808,102056667,631025,55704096836,11237499644
1782718895855,161051,1274197543,749688,0,0,6814629574,76678741205,745923,102190323,632495,55860222570,11269383279
1782718896105,161301,1278494485,751835,0,0,6835006147,76899758992,748070,102341431,634160,56017835703,11306931951
1782718896356,161552,1283563772,754247,0,0,6848438397,77125158272,750482,102861167,635714,56177203253,11341672241
1782718896607,161804,1286338111,755998,0,0,6866153256,77345799699,752233,102973190,637002,56336040411,11376565391
1782718896858,162054,1293465070,757947,0,0,6878974929,77570297662,754182,103111944,638484,56501691239,11401807740
1782718897109,162305,1295355584,759916,0,0,6894138296,77783419715,756151,103298626,639866,56654762413,11436292028
1782718897362,162558,1299192237,762078,0,0,6927726027,78004815674,758313,103432884,641344,56813207716,11469162672
1782718897630,162827,1301260134,764374,0,0,6943011774,78249824880,760609,104309861,643110,56980534784,11504954939
1782718897882,163078,1305594210,766356,0,0,6952515797,78482811573,762591,104424060,644330,57150899574,11540584840
1782718898134,163330,1309551899,768227,0,0,6969182548,78708195167,764462,104560416,645940,57317989170,11568471343
1782718898387,163583,1312996082,770356,0,0,6985127570,78936153028,766591,104720376,647788,57480725680,11601192462
1782718898639,163836,1317568653,771863,0,0,6995889639,79167992931,768098,104856371,649240,57646386333,11639803514
1782718898890,164086,1322883855,773892,0,0,7024055362,79382402102,770127,105002871,650909,57796767338,11673521286
1782718899141,164337,1328488607,776348,0,0,7034706906,79611835955,772583,105151167,652646,57958936848,11709129725
1782718899394,164590,1332585839,778320,0,0,7053518055,79831941142,774555,105298743,654255,58111383230,11740332330
1782718899646,164843,1337073969,780418,0,0,7068907228,80059998038,776653,105431951,655730,58272701421,11775554724
1782718899898,165094,1340624640,782572,0,0,7083440133,80285191357,778807,105556662,657093,58434737444,11806115374
1782718900170,165366,1343045057,785360,0,0,7099810615,80529907820,781595,105725166,659215,58610608861,11837085823
1782718900421,165617,1347215703,787594,0,0,7110853413,80762010568,783829,105929477,661105,58774989560,11876966592
1782718900681,165878,1351351820,790429,0,0,7122866871,80987017163,786664,106082822,663031,58943818266,11907328755
1782718900935,166131,1356297815,792209,0,0,7160915015,81165421134,788444,106224501,664579,59076423890,11932322130
1782718901205,166401,1359399900,795141,0,0,7170609547,81372755218,791377,106453641,666977,59225799247,11968230840
1782718901499,166695,1365158580,798256,0,0,7177345488,81580404787,794492,106720712,669730,59380050523,11998356900
1782718901751,166948,1367422295,800662,0,0,7186088351,81745201039,796897,106887405,671841,59500652704,12023649047
1782718902004,167200,1371739763,803139,0,0,7201144392,81973060520,799374,107074973,674073,59665579048,12054419876
1782718902257,167453,1379097495,805437,0,0,7215899227,82197438025,801673,107257870,676229,59823557528,12091653012
1782718902509,167705,1382235322,807897,0,0,7228032564,82426808183,804132,107389933,677758,59994829276,12126556213
1782718902762,167959,1388421587,809966,0,0,7248780403,82650296305,806201,107528625,679175,60148650894,12166594391
1782718903022,168218,1391289944,812407,0,0,7263044873,82877466130,808642,107662077,680759,60306271307,12203354776
1782718903272,168468,1404689170,814123,0,0,7278474094,83091735866,810358,107772844,682076,60461665863,12236153625
1782718903523,168719,1410095177,816676,0,0,7295219790,83310923945,812911,107928950,684052,60629297610,12260744192
1782718903774,168971,1413286574,818189,0,0,7309513385,83458970803,814424,108033598,685322,60746488878,12275166654
1782718904027,169223,1417871280,820352,0,0,7321438850,83659754601,816587,108200511,687222,60890728932,12307501237
1782718904279,169475,1422309754,822136,0,0,7331379863,83843465439,818371,108732027,688883,61022078913,12335554882
1782718904530,169726,1426800258,824082,0,0,7370568456,84050765507,820317,109303203,690571,61161658232,12364531298
1782718904783,169980,1429810439,826591,0,0,7382989039,84277337309,822826,109474306,692733,61323187480,12397570260
1782718905080,170276,1437993385,829757,0,0,7406556439,84522310808,825993,109681008,695415,61501791779,12435617258
1782718905332,170528,1439249555,831168,0,0,7419696513,84643348145,827403,109775293,696550,61589363193,12455637496
1782718905584,170780,1445983001,833404,0,0,7431625803,84869916194,829639,110510984,698572,61750767055,12487566363
1782718905844,171039,1447962128,835819,0,0,7460479805,85060387822,832054,110679400,700673,61891529259,12516091813
1782718906100,171296,1449126693,837043,0,0,7483176593,85185384962,833279,110767265,701735,61983395351,12537783207
1782718906402,171598,1449473224,837683,0,0,7483666281,85212151363,833678,110779720,701890,61998645242,12543050825
1782718906702,171899,1450686057,838144,0,0,7507525795,85235483020,833908,110787864,701961,62015860282,12548050582
1782718906953,172149,1450886948,838371,0,0,7507543143,85254762103,834022,110789831,701983,62027942567,12554886547
1782718907256,172452,1451813353,839200,0,0,7507595777,85298663471,834436,110800315,702083,62056809714,12567709837
1782718907559,172755,1452207383,839830,0,0,7507633584,85324593325,834752,110809978,702190,62072408497,12577272531
1782718908131,173327,1452310099,840083,0,0,7507647181,85335202594,834878,110810867,702199,62078169741,12581964122
1782718908395,173591,1452659214,840917,0,0,7526549538,85361996223,835295,110814265,702227,62095291969,12591027266
1782718908669,173865,1452749281,841126,0,0,7526562454,85370918741,835400,110815566,702235,62101217001,12593015438
1782718909254,174449,1453575375,842189,0,0,7526683344,85392752471,835931,110820837,702295,62114706491,12600029821
1782718909522,174718,1453889075,842814,0,0,7526723379,85412723472,836244,110831656,702382,62127428888,12605635018
1782718909775,174972,1454058817,843232,0,0,7526746464,85426593193,836453,110834626,702410,62137407415,12608528117
1782718910044,175239,1454206722,843648,0,0,7526768975,85437081067,836661,110834626,702410,62144857076,12611330879
1782718910308,175504,1454364409,843984,0,0,7526787574,85451972588,836828,110835272,702417,62156444900,12614464120
