ts_unix_ms,elapsed_ms,source,recv,drop,ifdrop,d_recv,d_drop,d_ifdrop,drop_pct
1782838139248,0,lo,0,0,0,0,0,0,0.000
1782838139500,251,lo,0,0,0,0,0,0,0.000
1782838139753,505,lo,0,0,0,0,0,0,0.000
1782838140004,756,lo,0,0,0,0,0,0,0.000
1782838140255,1006,lo,0,0,0,0,0,0,0.000
1782838140513,1264,lo,0,0,0,0,0,0,0.000
1782838140765,1517,lo,0,0,0,0,0,0,0.000
1782838141023,1775,lo,0,0,0,0,0,0,0.000
1782838141275,2026,lo,0,0,0,0,0,0,0.000
1782838141526,2277,lo,0,0,0,0,0,0,0.000
1782838141792,2544,lo,0,0,0,0,0,0,0.000
1782838142094,2846,lo,0,0,0,0,0,0,0.000
1782838142346,3097,lo,0,0,0,0,0,0,0.000
1782838142601,3353,lo,0,0,0,0,0,0,0.000
1782838142880,3632,lo,0,0,0,0,0,0,0.000
1782838143607,4359,lo,0,0,0,0,0,0,0.000
1782838143858,4610,lo,242,0,0,242,0,0,0.000
1782838144109,4861,lo,548,0,0,306,0,0,0.000
1782838144360,5111,lo,848,0,0,300,0,0,0.000
1782838144611,5363,lo,1148,0,0,300,0,0,0.000
1782838144863,5615,lo,1448,0,0,300,0,0,0.000
1782838145113,5865,lo,1748,0,0,300,0,0,0.000
1782838145365,6116,lo,2052,0,0,304,0,0,0.000
1782838145616,6368,lo,2348,0,0,296,0,0,0.000
1782838145868,6620,lo,2648,0,0,300,0,0,0.000
1782838146119,6871,lo,2960,0,0,312,0,0,0.000
1782838146369,7120,lo,3258,0,0,298,0,0,0.000
1782838146622,7374,lo,3560,0,0,302,0,0,0.000
1782838146874,7626,lo,3860,0,0,300,0,0,0.000
1782838147124,7876,lo,4164,0,0,304,0,0,0.000
1782838147375,8126,lo,4464,0,0,300,0,0,0.000
1782838147625,8377,lo,4760,0,0,296,0,0,0.000
1782838147876,8628,lo,5056,0,0,296,0,0,0.000
1782838148131,8883,lo,5360,0,0,304,0,0,0.000
1782838148385,9136,lo,5660,0,0,300,0,0,0.000
1782838148639,9391,lo,5968,0,0,308,0,0,0.000
1782838148890,9642,lo,6268,0,0,300,0,0,0.000
1782838149141,9893,lo,6572,0,0,304,0,0,0.000
1782838149395,10146,lo,6876,0,0,304,0,0,0.000
1782838149648,10400,lo,7164,0,0,288,0,0,0.000
1782838149902,10654,lo,7470,0,0,306,0,0,0.000
1782838150158,10910,lo,7712,0,0,242,0,0,0.000
1782838150416,11167,lo,8012,0,0,300,0,0,0.000
1782838150684,11436,lo,8300,0,0,288,0,0,0.000
1782838150935,11687,lo,8596,0,0,296,0,0,0.000
1782838151192,11944,lo,8916,0,0,320,0,0,0.000
1782838151447,12198,lo,9216,0,0,300,0,0,0.000
1782838151706,12458,lo,9528,0,0,312,0,0,0.000
1782838151962,12714,lo,9768,0,0,240,0,0,0.000
1782838152217,12969,lo,10068,0,0,300,0,0,0.000
1782838152474,13225,lo,10316,0,0,248,0,0,0.000
1782838152738,13490,lo,10612,0,0,296,0,0,0.000
1782838152989,13741,lo,10882,0,0,270,0,0,0.000
1782838153244,13996,lo,11216,0,0,334,0,0,0.000
1782838153494,14245,lo,11502,0,0,286,0,0,0.000
1782838153744,14496,lo,11744,0,0,242,0,0,0.000
1782838153998,14750,lo,12080,0,0,336,0,0,0.000
1782838154248,15000,lo,12384,0,0,304,0,0,0.000
1782838154499,15250,lo,12688,0,0,304,0,0,0.000
1782838154751,15503,lo,12992,0,0,304,0,0,0.000
1782838155003,15755,lo,13292,0,0,300,0,0,0.000
1782838155253,16004,lo,13592,0,0,300,0,0,0.000
1782838155504,16255,lo,13892,0,0,300,0,0,0.000
1782838155757,16509,lo,14192,0,0,300,0,0,0.000
1782838156008,16760,lo,14500,0,0,308,0,0,0.000
1782838156258,17009,lo,14796,0,0,296,0,0,0.000
1782838156509,17260,lo,15104,0,0,308,0,0,0.000
1782838156760,17512,lo,15396,0,0,292,0,0,0.000
1782838157011,17763,lo,15702,0,0,306,0,0,0.000
1782838157261,18012,lo,16004,0,0,302,0,0,0.000
1782838157515,18266,lo,16306,0,0,302,0,0,0.000
1782838157767,18519,lo,16604,0,0,298,0,0,0.000
1782838158019,18771,lo,16912,0,0,308,0,0,0.000
1782838158270,19021,lo,17214,0,0,302,0,0,0.000
1782838158521,19272,lo,17516,0,0,302,0,0,0.000
1782838158773,19525,lo,17816,0,0,300,0,0,0.000
1782838159023,19775,lo,18120,0,0,304,0,0,0.000
1782838159274,20025,lo,18418,0,0,298,0,0,0.000
1782838159525,20276,lo,18720,0,0,302,0,0,0.000
1782838159777,20529,lo,19016,0,0,296,0,0,0.000
1782838160030,20782,lo,19324,0,0,308,0,0,0.000
1782838160280,21031,lo,19628,0,0,304,0,0,0.000
1782838160531,21282,lo,19928,0,0,300,0,0,0.000
1782838160783,21535,lo,20228,0,0,300,0,0,0.000
1782838161035,21787,lo,20528,0,0,300,0,0,0.000
1782838161286,22037,lo,20828,0,0,300,0,0,0.000
1782838161539,22290,lo,21136,0,0,308,0,0,0.000
1782838161789,22541,lo,21440,0,0,304,0,0,0.000
1782838162041,22793,lo,21736,0,0,296,0,0,0.000
1782838162291,23042,lo,22038,0,0,302,0,0,0.000
1782838162541,23292,lo,22340,0,0,302,0,0,0.000
1782838162792,23544,lo,22638,0,0,298,0,0,0.000
1782838163044,23796,lo,22940,0,0,302,0,0,0.000
1782838163296,24047,lo,23242,0,0,302,0,0,0.000
1782838163547,24298,lo,23540,0,0,298,0,0,0.000
1782838163797,24549,lo,23844,0,0,304,0,0,0.000
1782838164048,24800,lo,24148,0,0,304,0,0,0.000
1782838164299,25050,lo,24448,0,0,300,0,0,0.000
1782838164551,25302,lo,24746,0,0,298,0,0,0.000
1782838164802,25554,lo,25052,0,0,306,0,0,0.000
1782838165052,25804,lo,25352,0,0,300,0,0,0.000
1782838165303,26054,lo,25652,0,0,300,0,0,0.000
1782838165556,26307,lo,25952,0,0,300,0,0,0.000
1782838165806,26558,lo,26256,0,0,304,0,0,0.000
1782838166057,26809,lo,26556,0,0,300,0,0,0.000
1782838166308,27059,lo,26852,0,0,296,0,0,0.000
1782838166559,27310,lo,27156,0,0,304,0,0,0.000
1782838166810,27562,lo,27458,0,0,302,0,0,0.000
1782838167061,27813,lo,27760,0,0,302,0,0,0.000
1782838167311,28062,lo,28064,0,0,304,0,0,0.000
1782838167561,28312,lo,28364,0,0,300,0,0,0.000
1782838167823,28575,lo,28556,0,0,192,0,0,0.000
1782838168074,28826,lo,28712,0,0,156,0,0,0.000
1782838168329,29080,lo,29016,0,0,304,0,0,0.000
1782838168580,29331,lo,29314,0,0,298,0,0,0.000
1782838168890,29642,lo,29444,0,0,130,0,0,0.000
1782838169376,30127,lo,29444,0,0,0,0,0,0.000
1782838169806,30558,lo,29444,0,0,0,0,0,0.000
1782838170218,30970,lo,29444,0,0,0,0,0,0.000
1782838170609,31361,lo,29444,0,0,0,0,0,0.000
1782838170877,31629,lo,29444,0,0,0,0,0,0.000
1782838171174,31926,lo,29444,0,0,0,0,0,0.000
1782838171428,32179,lo,29444,0,0,0,0,0,0.000
1782838171760,32512,lo,29444,0,0,0,0,0,0.000
1782838172011,32763,lo,30696,0,0,1252,0,0,0.000
1782838172262,33013,lo,32208,0,0,1512,0,0,0.000
1782838172518,33269,lo,33310,0,0,1102,0,0,0.000
1782838172769,33521,lo,34320,0,0,1010,0,0,0.000
1782838173021,33773,lo,35676,0,0,1356,0,0,0.000
1782838173276,34027,lo,37002,0,0,1326,0,0,0.000
1782838173538,34289,lo,38120,0,0,1118,0,0,0.000
1782838173790,34542,lo,39160,0,0,1040,0,0,0.000
1782838174046,34798,lo,40304,0,0,1144,0,0,0.000
1782838174298,35049,lo,41312,0,0,1008,0,0,0.000
1782838174550,35301,lo,42068,0,0,756,0,0,0.000
1782838174802,35554,lo,43314,0,0,1246,0,0,0.000
1782838175060,35812,lo,44160,0,0,846,0,0,0.000
1782838175311,36062,lo,45672,0,0,1512,0,0,0.000
1782838175562,36313,lo,47160,0,0,1488,0,0,0.000
1782838175813,36565,lo,48660,0,0,1500,0,0,0.000
1782838176063,36815,lo,50154,0,0,1494,0,0,0.000
1782838176315,37066,lo,51672,0,0,1518,0,0,0.000
1782838176565,37316,lo,53160,0,0,1488,0,0,0.000
1782838176816,37568,lo,54672,0,0,1512,0,0,0.000
1782838177067,37819,lo,56172,0,0,1500,0,0,0.000
1782838177318,38069,lo,57680,0,0,1508,0,0,0.000
1782838177568,38319,lo,59168,0,0,1488,0,0,0.000
1782838177819,38571,lo,60648,0,0,1480,0,0,0.000
1782838178069,38821,lo,62156,0,0,1508,0,0,0.000
1782838178320,39071,lo,63654,0,0,1498,0,0,0.000
1782838178572,39323,lo,65168,0,0,1514,0,0,0.000
1782838178822,39574,lo,66678,0,0,1510,0,0,0.000
1782838179073,39825,lo,68160,0,0,1482,0,0,0.000
1782838179326,40077,lo,69684,0,0,1524,0,0,0.000
1782838179576,40327,lo,71168,0,0,1484,0,0,0.000
1782838179826,40578,lo,72680,0,0,1512,0,0,0.000
1782838180077,40829,lo,74172,0,0,1492,0,0,0.000
1782838180331,41082,lo,75688,0,0,1516,0,0,0.000
1782838180586,41338,lo,75982,0,0,294,0,0,0.000
1782838180837,41589,lo,76832,0,0,850,0,0,0.000
1782838181087,41839,lo,78342,0,0,1510,0,0,0.000
1782838181338,42089,lo,79840,0,0,1498,0,0,0.000
1782838181588,42340,lo,81336,0,0,1496,0,0,0.000
1782838181838,42590,lo,82840,0,0,1504,0,0,0.000
1782838182089,42841,lo,84328,0,0,1488,0,0,0.000
1782838182340,43091,lo,85832,0,0,1504,0,0,0.000
1782838182590,43342,lo,87344,0,0,1512,0,0,0.000
1782838182843,43595,lo,88536,0,0,1192,0,0,0.000
1782838183097,43849,lo,89636,0,0,1100,0,0,0.000
1782838183364,44115,lo,91266,0,0,1630,0,0,0.000
1782838183614,44366,lo,92684,0,0,1418,0,0,0.000
1782838183893,44645,lo,93336,0,0,652,0,0,0.000
1782838184152,44904,lo,94592,0,0,1256,0,0,0.000
1782838184406,45157,lo,95946,0,0,1354,0,0,0.000
1782838184660,45412,lo,97104,0,0,1158,0,0,0.000
1782838184912,45664,lo,98226,0,0,1122,0,0,0.000
1782838185229,45981,lo,99608,0,0,1382,0,0,0.000
1782838185489,46240,lo,100880,0,0,1272,0,0,0.000
1782838185741,46493,lo,102360,0,0,1480,0,0,0.000
1782838185994,46746,lo,103716,0,0,1356,0,0,0.000
1782838186262,47013,lo,104568,0,0,852,0,0,0.000
1782838186518,47269,lo,105705,0,0,1137,0,0,0.000
1782838186773,47525,lo,106348,0,0,643,0,0,0.000
1782838187034,47786,lo,108336,0,0,1988,0,0,0.000
1782838187295,48046,lo,109180,0,0,844,0,0,0.000
1782838187548,48299,lo,110648,0,0,1468,0,0,0.000
1782838187809,48561,lo,112062,0,0,1414,0,0,0.000
1782838188060,48812,lo,113198,0,0,1136,0,0,0.000
1782838188328,49079,lo,114546,0,0,1348,0,0,0.000
1782838188579,49330,lo,115678,0,0,1132,0,0,0.000
1782838188833,49585,lo,116720,0,0,1042,0,0,0.000
1782838189088,49840,lo,117996,0,0,1276,0,0,0.000
1782838189355,50107,lo,119060,0,0,1064,0,0,0.000
1782838189606,50358,lo,120562,0,0,1502,0,0,0.000
1782838189859,50611,lo,121564,0,0,1002,0,0,0.000
1782838190110,50862,lo,123100,0,0,1536,0,0,0.000
1782838190371,51122,lo,124572,0,0,1472,0,0,0.000
1782838190623,51375,lo,125844,0,0,1272,0,0,0.000
1782838190877,51629,lo,126848,0,0,1004,0,0,0.000
1782838191129,51881,lo,128340,0,0,1492,0,0,0.000
1782838191384,52135,lo,129404,0,0,1064,0,0,0.000
1782838191640,52392,lo,130748,0,0,1344,0,0,0.000
1782838191890,52642,lo,131624,0,0,876,0,0,0.000
1782838192141,52893,lo,132628,0,0,1004,0,0,0.000
1782838192395,53146,lo,134036,0,0,1408,0,0,0.000
1782838192650,53402,lo,135016,0,0,980,0,0,0.000
1782838192902,53654,lo,136224,0,0,1208,0,0,0.000
1782838193153,53905,lo,137736,0,0,1512,0,0,0.000
1782838193403,54154,lo,138874,0,0,1138,0,0,0.000
1782838193655,54407,lo,140164,0,0,1290,0,0,0.000
1782838193906,54658,lo,141372,0,0,1208,0,0,0.000
1782838194159,54911,lo,142276,0,0,904,0,0,0.000
1782838194426,55177,lo,143884,0,0,1608,0,0,0.000
1782838194677,55429,lo,144914,0,0,1030,0,0,0.000
1782838194931,55683,lo,146268,0,0,1354,0,0,0.000
1782838195183,55935,lo,147528,0,0,1260,0,0,0.000
1782838195434,56185,lo,148948,0,0,1420,0,0,0.000
1782838195686,56438,lo,149944,0,0,996,0,0,0.000
1782838195937,56689,lo,150968,0,0,1024,0,0,0.000
1782838196188,56940,lo,152488,0,0,1520,0,0,0.000
1782838196439,57190,lo,153844,0,0,1356,0,0,0.000
1782838196690,57442,lo,155484,0,0,1640,0,0,0.000
1782838196987,57739,lo,156508,0,0,1024,0,0,0.000
1782838197241,57993,lo,156508,0,0,0,0,0,0.000
1782838197594,58346,lo,156516,0,0,8,0,0,0.000
1782838198104,58856,lo,156516,0,0,0,0,0,0.000
1782838198391,59142,lo,156524,0,0,8,0,0,0.000
1782838198726,59478,lo,156524,0,0,0,0,0,0.000
1782838198985,59737,lo,156524,0,0,0,0,0,0.000
1782838199256,60007,lo,156524,0,0,0,0,0,0.000
1782838199594,60346,lo,156524,0,0,0,0,0,0.000
1782838199919,60671,lo,156524,0,0,0,0,0,0.000
1782838200169,60921,lo,158206,0,0,1682,0,0,0.000
1782838200440,61191,lo,159790,0,0,1584,0,0,0.000
1782838200719,61471,lo,162784,0,0,2994,0,0,0.000
1782838201008,61760,lo,165188,0,0,2404,0,0,0.000
1782838201417,62168,lo,167684,0,0,2496,0,0,0.000
1782838201668,62420,lo,168856,0,0,1172,0,0,0.000
1782838201934,62686,lo,171160,0,0,2304,0,0,0.000
1782838202185,62937,lo,172646,0,0,1486,0,0,0.000
1782838202449,63200,lo,174516,0,0,1870,0,0,0.000
1782838202699,63451,lo,176552,0,0,2036,0,0,0.000
1782838202953,63705,lo,178780,0,0,2228,0,0,0.000
1782838203204,63956,lo,181772,0,0,2992,0,0,0.000
1782838203455,64206,lo,183590,0,0,1818,0,0,0.000
1782838203709,64461,lo,186318,0,0,2728,0,0,0.000
1782838203960,64712,lo,188742,0,0,2424,0,0,0.000
1782838204210,64962,lo,190690,0,0,1948,0,0,0.000
1782838204470,65221,lo,192560,0,0,1870,0,0,0.000
1782838204727,65479,lo,194886,0,0,2326,0,0,0.000
1782838204983,65735,lo,197864,0,0,2978,0,0,0.000
1782838205240,65992,lo,200454,0,0,2590,0,0,0.000
1782838205508,66259,lo,202560,0,0,2106,0,0,0.000
1782838205762,66514,lo,205654,0,0,3094,0,0,0.000
1782838206020,66772,lo,208442,0,0,2788,0,0,0.000
1782838206275,67026,lo,210908,0,0,2466,0,0,0.000
1782838206526,67277,lo,212702,0,0,1794,0,0,0.000
1782838206779,67531,lo,215708,0,0,3006,0,0,0.000
1782838207029,67782,lo,218758,0,0,3050,0,0,0.000
1782838207281,68032,lo,221706,0,0,2948,0,0,0.000
1782838207534,68285,lo,224742,0,0,3036,0,0,0.000
1782838207784,68536,lo,227744,0,0,3002,0,0,0.000
1782838208035,68787,lo,230742,0,0,2998,0,0,0.000
1782838208287,69038,lo,233756,0,0,3014,0,0,0.000
1782838208537,69288,lo,236752,0,0,2996,0,0,0.000
1782838208787,69539,lo,239720,0,0,2968,0,0,0.000
1782838209039,69791,lo,242750,0,0,3030,0,0,0.000
1782838209300,70051,lo,245890,0,0,3140,0,0,0.000
1782838209551,70302,lo,248608,0,0,2718,0,0,0.000
1782838209802,70554,lo,251376,0,0,2768,0,0,0.000
1782838210052,70804,lo,254362,0,0,2986,0,0,0.000
1782838210303,71054,lo,257336,0,0,2974,0,0,0.000
1782838210554,71305,lo,260344,0,0,3008,0,0,0.000
1782838210804,71556,lo,263336,0,0,2992,0,0,0.000
1782838211055,71807,lo,266342,0,0,3006,0,0,0.000
1782838211305,72056,lo,269368,0,0,3026,0,0,0.000
1782838211557,72308,lo,272336,0,0,2968,0,0,0.000
1782838211808,72560,lo,275340,0,0,3004,0,0,0.000
1782838212060,72812,lo,278336,0,0,2996,0,0,0.000
1782838212312,73063,lo,281358,0,0,3022,0,0,0.000
1782838212563,73314,lo,284394,0,0,3036,0,0,0.000
1782838212814,73566,lo,287386,0,0,2992,0,0,0.000
1782838213065,73817,lo,290382,0,0,2996,0,0,0.000
1782838213318,74069,lo,293426,0,0,3044,0,0,0.000
1782838213569,74320,lo,296440,0,0,3014,0,0,0.000
1782838213820,74572,lo,299402,0,0,2962,0,0,0.000
1782838214071,74823,lo,302386,0,0,2984,0,0,0.000
1782838214321,75072,lo,305376,0,0,2990,0,0,0.000
1782838214572,75323,lo,308398,0,0,3022,0,0,0.000
1782838214822,75574,lo,311378,0,0,2980,0,0,0.000
1782838215073,75825,lo,314414,0,0,3036,0,0,0.000
1782838215324,76075,lo,317414,0,0,3000,0,0,0.000
1782838215574,76325,lo,320386,0,0,2972,0,0,0.000
1782838215825,76577,lo,323412,0,0,3026,0,0,0.000
1782838216075,76827,lo,326418,0,0,3006,0,0,0.000
1782838216326,77077,lo,329424,0,0,3006,0,0,0.000
1782838216576,77327,lo,332460,0,0,3036,0,0,0.000
1782838216827,77579,lo,335420,0,0,2960,0,0,0.000
1782838217078,77830,lo,338452,0,0,3032,0,0,0.000
1782838217328,78079,lo,341472,0,0,3020,0,0,0.000
1782838217579,78330,lo,344468,0,0,2996,0,0,0.000
1782838217830,78582,lo,347424,0,0,2956,0,0,0.000
1782838218080,78832,lo,350428,0,0,3004,0,0,0.000
1782838218331,79082,lo,353436,0,0,3008,0,0,0.000
1782838218582,79334,lo,356438,0,0,3002,0,0,0.000
1782838218833,79585,lo,359438,0,0,3000,0,0,0.000
1782838219084,79836,lo,362422,0,0,2984,0,0,0.000
1782838219337,80088,lo,365376,0,0,2954,0,0,0.000
1782838219617,80369,lo,366096,0,0,720,0,0,0.000
1782838219928,80680,lo,368990,0,0,2894,0,0,0.000
1782838220218,80970,lo,371510,0,0,2520,0,0,0.000
1782838220475,81226,lo,373886,0,0,2376,0,0,0.000
1782838220729,81481,lo,375624,0,0,1738,0,0,0.000
1782838221013,81765,lo,378640,0,0,3016,0,0,0.000
1782838221325,82076,lo,380684,0,0,2044,0,0,0.000
1782838221597,82349,lo,383066,0,0,2382,0,0,0.000
1782838221848,82600,lo,385218,0,0,2152,0,0,0.000
1782838222113,82865,lo,387114,0,0,1896,0,0,0.000
1782838222368,83119,lo,389272,0,0,2158,0,0,0.000
1782838222646,83398,lo,391164,0,0,1892,0,0,0.000
1782838222906,83659,lo,393726,0,0,2562,0,0,0.000
1782838223412,84163,lo,394556,0,0,830,0,0,0.000
1782838223663,84415,lo,397610,0,0,3054,0,0,0.000
1782838223914,84666,lo,400602,0,0,2992,0,0,0.000
1782838224165,84917,lo,403628,0,0,3026,0,0,0.000
1782838224418,85169,lo,406646,0,0,3018,0,0,0.000
1782838224668,85420,lo,409682,0,0,3036,0,0,0.000
1782838224919,85671,lo,412678,0,0,2996,0,0,0.000
1782838225170,85922,lo,413738,0,0,1060,0,0,0.000
1782838225811,86563,lo,413754,0,0,16,0,0,0.000
1782838226088,86840,lo,413754,0,0,0,0,0,0.000
1782838226394,87145,lo,413754,0,0,0,0,0,0.000
1782838226684,87436,lo,413770,0,0,16,0,0,0.000
1782838227016,87768,lo,413770,0,0,0,0,0,0.000
1782838227570,88321,lo,413770,0,0,0,0,0,0.000
1782838228139,88891,lo,413770,0,0,0,0,0,0.000
1782838228390,89141,lo,419268,0,0,5498,0,0,0.000
1782838228641,89393,lo,425252,0,0,5984,0,0,0.000
1782838228891,89643,lo,431256,0,0,6004,0,0,0.000
1782838229141,89893,lo,437018,0,0,5762,0,0,0.000
1782838229392,90143,lo,443132,0,0,6114,0,0,0.000
1782838229643,90395,lo,449140,0,0,6008,0,0,0.000
1782838229893,90645,lo,455104,0,0,5964,0,0,0.000
1782838230144,90896,lo,461096,0,0,5992,0,0,0.000
1782838230395,91146,lo,467028,0,0,5932,0,0,0.000
1782838230645,91397,lo,473014,0,0,5986,0,0,0.000
1782838230895,91647,lo,478984,0,0,5970,0,0,0.000
1782838231146,91898,lo,484894,0,0,5910,0,0,0.000
1782838231397,92148,lo,490860,0,0,5966,0,0,0.000
1782838231647,92399,lo,496840,0,0,5980,0,0,0.000
1782838231899,92651,lo,502698,0,0,5858,0,0,0.000
1782838232150,92902,lo,508732,0,0,6034,0,0,0.000
1782838232401,93152,lo,514766,0,0,6034,0,0,0.000
1782838232651,93403,lo,520758,0,0,5992,0,0,0.000
1782838232904,93656,lo,526814,0,0,6056,0,0,0.000
1782838233155,93907,lo,532810,0,0,5996,0,0,0.000
1782838233408,94159,lo,538938,0,0,6128,0,0,0.000
1782838233659,94411,lo,544842,0,0,5904,0,0,0.000
1782838233909,94661,lo,550846,0,0,6004,0,0,0.000
1782838234160,94912,lo,556818,0,0,5972,0,0,0.000
1782838234411,95162,lo,562860,0,0,6042,0,0,0.000
1782838234662,95414,lo,568898,0,0,6038,0,0,0.000
1782838234913,95665,lo,572840,0,0,3942,0,0,0.000
1782838235170,95922,lo,574272,0,0,1432,0,0,0.000
1782838235516,96267,lo,576530,0,0,2258,0,0,0.000
1782838235795,96547,lo,577404,0,0,874,0,0,0.000
1782838236046,96798,lo,580838,0,0,3434,0,0,0.000
1782838236463,97214,lo,584240,0,0,3402,0,0,0.000
1782838236720,97472,lo,586092,0,0,1852,0,0,0.000
1782838236970,97722,lo,593230,0,0,7138,0,0,0.000
1782838237224,97976,lo,599454,0,0,6224,0,0,0.000
1782838237474,98225,lo,605770,0,0,6316,0,0,0.000
1782838237726,98478,lo,611756,0,0,5986,0,0,0.000
1782838237976,98728,lo,617786,0,0,6030,0,0,0.000
1782838238234,98986,lo,623664,0,0,5878,0,0,0.000
1782838238485,99236,lo,629774,0,0,6110,0,0,0.000
1782838238736,99488,lo,635838,0,0,6064,0,0,0.000
1782838238987,99739,lo,641816,0,0,5978,0,0,0.000
1782838239238,99990,lo,647770,0,0,5954,0,0,0.000
1782838239489,100240,lo,653808,0,0,6038,0,0,0.000
1782838239739,100491,lo,659528,0,0,5720,0,0,0.000
1782838240004,100756,lo,665524,0,0,5996,0,0,0.000
1782838240444,101195,lo,667414,0,0,1890,0,0,0.000
1782838240749,101501,lo,671048,0,0,3634,0,0,0.000
1782838241004,101756,lo,674882,0,0,3834,0,0,0.000
1782838241255,102006,lo,678014,0,0,3132,0,0,0.000
1782838241506,102257,lo,684484,0,0,6470,0,0,0.000
1782838241758,102510,lo,690450,0,0,5966,0,0,0.000
1782838242008,102760,lo,696442,0,0,5992,0,0,0.000
1782838242259,103010,lo,702412,0,0,5970,0,0,0.000
1782838242511,103262,lo,708450,0,0,6038,0,0,0.000
1782838242761,103513,lo,714504,0,0,6054,0,0,0.000
1782838243012,103764,lo,720398,0,0,5894,0,0,0.000
1782838243265,104016,lo,726484,0,0,6086,0,0,0.000
1782838243515,104266,lo,732474,0,0,5990,0,0,0.000
1782838243767,104519,lo,738536,0,0,6062,0,0,0.000
1782838244019,104771,lo,744546,0,0,6010,0,0,0.000
1782838244270,105021,lo,750550,0,0,6004,0,0,0.000
1782838244520,105271,lo,756442,0,0,5892,0,0,0.000
1782838244790,105542,lo,760970,0,0,4528,0,0,0.000
1782838245059,105811,lo,765594,0,0,4624,0,0,0.000
1782838245317,106068,lo,769562,0,0,3968,0,0,0.000
1782838245568,106319,lo,773752,0,0,4190,0,0,0.000
1782838245818,106570,lo,776846,0,0,3094,0,0,0.000
1782838246068,106820,lo,780392,0,0,3546,0,0,0.000
1782838246320,107071,lo,784828,0,0,4436,0,0,0.000
1782838246571,107322,lo,790902,0,0,6074,0,0,0.000
1782838246822,107574,lo,796942,0,0,6040,0,0,0.000
1782838247072,107824,lo,802986,0,0,6044,0,0,0.000
1782838247325,108076,lo,809020,0,0,6034,0,0,0.000
1782838247576,108327,lo,814986,0,0,5966,0,0,0.000
1782838247827,108579,lo,820912,0,0,5926,0,0,0.000
1782838248077,108829,lo,826852,0,0,5940,0,0,0.000
1782838248328,109079,lo,832866,0,0,6014,0,0,0.000
1782838248579,109330,lo,837804,0,0,4938,0,0,0.000
1782838248874,109626,lo,840212,0,0,2408,0,0,0.000
1782838249135,109887,lo,845642,0,0,5430,0,0,0.000
1782838249395,110146,lo,847256,0,0,1614,0,0,0.000
1782838249645,110397,lo,850024,0,0,2768,0,0,0.000
1782838249946,110698,lo,851116,0,0,1092,0,0,0.000
1782838250196,110948,lo,853152,0,0,2036,0,0,0.000
1782838250508,111259,lo,856318,0,0,3166,0,0,0.000
1782838250761,111513,lo,860326,0,0,4008,0,0,0.000
1782838251012,111764,lo,865110,0,0,4784,0,0,0.000
1782838251340,112091,lo,868868,0,0,3758,0,0,0.000
1782838251597,112349,lo,873508,0,0,4640,0,0,0.000
1782838251849,112601,lo,876246,0,0,2738,0,0,0.000
1782838252180,112932,lo,879328,0,0,3082,0,0,0.000
1782838252436,113187,lo,881986,0,0,2658,0,0,0.000
1782838252687,113439,lo,885438,0,0,3452,0,0,0.000
1782838252952,113704,lo,888444,0,0,3006,0,0,0.000
1782838253212,113964,lo,892298,0,0,3854,0,0,0.000
1782838253470,114221,lo,892662,0,0,364,0,0,0.000
1782838253724,114476,lo,892742,0,0,80,0,0,0.000
1782838253975,114727,lo,892778,0,0,36,0,0,0.000
1782838254255,115006,lo,892778,0,0,0,0,0,0.000
1782838254824,115576,lo,892862,0,0,84,0,0,0.000
1782838255210,115962,lo,892906,0,0,44,0,0,0.000
1782838255512,116263,lo,892906,0,0,0,0,0,0.000
1782838255781,116533,lo,892950,0,0,44,0,0,0.000
1782838256227,116979,lo,892950,0,0,0,0,0,0.000
1782838256478,117229,lo,898756,0,0,5806,0,0,0.000
1782838256728,117480,lo,910880,0,0,12124,0,0,0.000
1782838256979,117731,lo,922368,0,0,11488,0,0,0.000
1782838257231,117983,lo,934266,0,0,11898,0,0,0.000
1782838257482,118233,lo,945852,0,0,11586,0,0,0.000
1782838257732,118484,lo,950802,0,0,4950,0,0,0.000
1782838257982,118734,lo,956432,0,0,5630,0,0,0.000
1782838258233,118985,lo,968252,0,0,11820,0,0,0.000
1782838258484,119235,lo,980218,0,0,11966,0,0,0.000
1782838258735,119487,lo,992096,0,0,11878,0,0,0.000
1782838258986,119738,lo,1004098,0,0,12002,0,0,0.000
1782838259237,119989,lo,1015578,0,0,11480,0,0,0.000
1782838259487,120238,lo,1027350,0,0,11772,0,0,0.000
1782838259737,120489,lo,1039126,0,0,11776,0,0,0.000
1782838259997,120749,lo,1046348,0,0,7222,0,0,0.000
1782838260248,121000,lo,1058054,0,0,11706,0,0,0.000
1782838260499,121250,lo,1069698,0,0,11644,0,0,0.000
1782838260749,121501,lo,1081642,0,0,11944,0,0,0.000
1782838261000,121752,lo,1093310,0,0,11668,0,0,0.000
1782838261250,122001,lo,1104991,0,0,11681,0,0,0.000
1782838261501,122252,lo,1116702,0,0,11711,0,0,0.000
1782838261751,122503,lo,1128448,0,0,11746,0,0,0.000
1782838262004,122756,lo,1140420,0,0,11972,0,0,0.000
1782838262254,123005,lo,1151980,0,0,11560,0,0,0.000
1782838262505,123256,lo,1163718,0,0,11738,0,0,0.000
1782838262756,123508,lo,1175536,0,0,11818,0,0,0.000
1782838263007,123759,lo,1187328,0,0,11792,0,0,0.000
1782838263257,124008,lo,1199162,0,0,11834,0,0,0.000
1782838263509,124260,lo,1211056,0,0,11894,0,0,0.000
1782838263759,124511,lo,1222724,0,0,11668,0,0,0.000
1782838264011,124763,lo,1234034,0,0,11310,0,0,0.000
1782838264263,125014,lo,1245437,0,0,11403,0,0,0.000
1782838264514,125265,lo,1257370,0,0,11933,0,0,0.000
1782838264765,125517,lo,1269190,0,0,11820,0,0,0.000
1782838265017,125769,lo,1281016,0,0,11826,0,0,0.000
1782838265267,126018,lo,1292920,0,0,11904,0,0,0.000
1782838265518,126269,lo,1304734,0,0,11814,0,0,0.000
1782838265769,126521,lo,1315844,0,0,11110,0,0,0.000
1782838266019,126771,lo,1327120,0,0,11276,0,0,0.000
1782838266271,127022,lo,1338934,0,0,11814,0,0,0.000
1782838266522,127273,lo,1350776,0,0,11842,0,0,0.000
1782838266773,127525,lo,1362658,0,0,11882,0,0,0.000
1782838267025,127777,lo,1374362,0,0,11704,0,0,0.000
1782838267275,128026,lo,1386026,0,0,11664,0,0,0.000
1782838267526,128277,lo,1397620,0,0,11594,0,0,0.000
1782838267776,128528,lo,1409290,0,0,11670,0,0,0.000
1782838268026,128778,lo,1420860,0,0,11570,0,0,0.000
1782838268276,129027,lo,1432686,0,0,11826,0,0,0.000
1782838268526,129278,lo,1444498,0,0,11812,0,0,0.000
1782838268777,129529,lo,1455700,0,0,11202,0,0,0.000
1782838269027,129779,lo,1467194,0,0,11494,0,0,0.000
1782838269278,130029,lo,1478610,0,0,11416,0,0,0.000
1782838269528,130279,lo,1490354,0,0,11744,0,0,0.000
1782838269779,130531,lo,1501942,0,0,11588,0,0,0.000
1782838270030,130782,lo,1513503,0,0,11561,0,0,0.000
1782838270281,131032,lo,1525194,0,0,11691,0,0,0.000
1782838270546,131297,lo,1536836,0,0,11642,0,0,0.000
1782838270801,131553,lo,1540550,0,0,3714,0,0,0.000
1782838271075,131827,lo,1546914,0,0,6364,0,0,0.000
1782838271385,132136,lo,1552864,0,0,5950,0,0,0.000
1782838271637,132389,lo,1556244,0,0,3380,0,0,0.000
1782838271934,132686,lo,1565936,0,0,9692,0,0,0.000
1782838272253,133004,lo,1572350,0,0,6414,0,0,0.000
1782838272512,133263,lo,1579288,0,0,6938,0,0,0.000
1782838272762,133514,lo,1586522,0,0,7234,0,0,0.000
1782838273013,133765,lo,1592144,0,0,5622,0,0,0.000
1782838273265,134016,lo,1598558,0,0,6414,0,0,0.000
1782838273515,134266,lo,1603914,0,0,5356,0,0,0.000
1782838273768,134520,lo,1610012,0,0,6098,0,0,0.000
1782838274019,134771,lo,1614720,0,0,4708,0,0,0.000
1782838274276,135027,lo,1622350,0,0,7630,0,0,0.000
1782838274527,135278,lo,1628372,0,0,6022,0,0,0.000
1782838274777,135529,lo,1633284,0,0,4912,0,0,0.000
1782838275027,135779,lo,1637396,0,0,4112,0,0,0.000
1782838275278,136029,lo,1640600,0,0,3204,0,0,0.000
1782838275535,136286,lo,1646876,0,0,6276,0,0,0.000
1782838275790,136542,lo,1652474,0,0,5598,0,0,0.000
1782838276056,136808,lo,1657914,0,0,5440,0,0,0.000
1782838276308,137059,lo,1663468,0,0,5554,0,0,0.000
1782838276559,137310,lo,1671194,0,0,7726,0,0,0.000
1782838276809,137561,lo,1682814,0,0,11620,0,0,0.000
1782838277060,137812,lo,1694598,0,0,11784,0,0,0.000
1782838277310,138061,lo,1706366,0,0,11768,0,0,0.000
1782838277561,138313,lo,1718300,0,0,11934,0,0,0.000
1782838277814,138566,lo,1730526,0,0,12226,0,0,0.000
1782838278065,138817,lo,1742424,0,0,11898,0,0,0.000
1782838278315,139066,lo,1754254,0,0,11830,0,0,0.000
1782838278566,139317,lo,1766072,0,0,11818,0,0,0.000
1782838278816,139568,lo,1777881,0,0,11809,0,0,0.000
1782838279067,139819,lo,1789708,0,0,11827,0,0,0.000
1782838279317,140068,lo,1801648,0,0,11940,0,0,0.000
1782838279568,140319,lo,1813248,0,0,11600,0,0,0.000
1782838279818,140570,lo,1825224,0,0,11976,0,0,0.000
1782838280069,140821,lo,1836960,0,0,11736,0,0,0.000
1782838280319,141070,lo,1848702,0,0,11742,0,0,0.000
1782838280570,141321,lo,1860636,0,0,11934,0,0,0.000
1782838280821,141573,lo,1872658,0,0,12022,0,0,0.000
1782838281072,141824,lo,1884520,0,0,11862,0,0,0.000
1782838281338,142090,lo,1896328,0,0,11808,0,0,0.000
1782838281591,142343,lo,1896328,0,0,0,0,0,0.000
1782838281879,142631,lo,1896428,0,0,100,0,0,0.000
1782838282172,142924,lo,1896428,0,0,0,0,0,0.000
1782838282429,143180,lo,1896480,0,0,52,0,0,0.000
1782838283245,143997,lo,1896536,0,0,56,0,0,0.000
1782838283532,144283,lo,1896580,0,0,44,0,0,0.000
1782838284004,144756,lo,1896612,0,0,32,0,0,0.000
1782838284328,145079,lo,1896664,0,0,52,0,0,0.000
1782838285037,145789,lo,1896740,0,0,76,0,0,0.000
1782838285287,146038,lo,1906296,0,0,9556,0,0,0.000
1782838285539,146290,lo,1928416,0,0,22120,0,0,0.000
1782838285789,146541,lo,1951886,0,0,23470,0,0,0.000
1782838286040,146792,lo,1976487,1301,0,24601,1301,0,0.066
1782838286290,147041,lo,2000742,1301,0,24255,0,0,0.065
1782838286542,147293,lo,2023742,1301,0,23000,0,0,0.064
1782838286792,147544,lo,2048204,2538,0,24462,1237,0,0.124
1782838287043,147795,lo,2072120,8021,0,23916,5483,0,0.387
1782838287294,148045,lo,2095194,8302,0,23074,281,0,0.396
1782838287545,148296,lo,2117576,8302,0,22382,0,0,0.392
1782838287796,148548,lo,2141036,8302,0,23460,0,0,0.388
1782838288047,148799,lo,2165402,8302,0,24366,0,0,0.383
1782838288298,149049,lo,2189726,8302,0,24324,0,0,0.379
1782838288549,149300,lo,2210224,8302,0,20498,0,0,0.376
1782838288799,149551,lo,2229972,9293,0,19748,991,0,0.417
1782838289049,149801,lo,2252810,10112,0,22838,819,0,0.449
1782838289496,150247,lo,2265538,10185,0,12728,73,0,0.450
1782838289805,150557,lo,2268556,10185,0,3018,0,0,0.449
1782838290055,150807,lo,2276898,10185,0,8342,0,0,0.447
1782838290348,151099,lo,2283170,10185,0,6272,0,0,0.446
1782838290674,151426,lo,2292868,10185,0,9698,0,0,0.444
1782838290932,151684,lo,2296612,10185,0,3744,0,0,0.443
1782838291184,151936,lo,2302448,10185,0,5836,0,0,0.442
1782838291513,152264,lo,2309264,10185,0,6816,0,0,0.441
1782838291766,152518,lo,2327442,10185,0,18178,0,0,0.438
1782838292016,152768,lo,2351054,10185,0,23612,0,0,0.433
1782838292267,153018,lo,2370240,13858,0,19186,3673,0,0.585
1782838292517,153268,lo,2393294,21428,0,23054,7570,0,0.895
1782838292768,153520,lo,2416766,32390,0,23472,10962,0,1.340
1782838293020,153772,lo,2439756,42355,0,22990,9965,0,1.736
1782838293272,154023,lo,2466120,52516,0,26364,10161,0,2.129
1782838293531,154282,lo,2491242,61036,0,25122,8520,0,2.450
1782838293782,154534,lo,2500794,61327,0,9552,291,0,2.452
1782838294071,154823,lo,2506998,61327,0,6204,0,0,2.446
1782838294322,155073,lo,2515234,61327,0,8236,0,0,2.438
1782838294583,155335,lo,2528642,61327,0,13408,0,0,2.425
1782838294874,155626,lo,2535432,61327,0,6790,0,0,2.419
1782838295126,155878,lo,2546011,61327,0,10579,0,0,2.409
1782838295389,156140,lo,2553816,61327,0,7805,0,0,2.401
1782838295639,156391,lo,2566486,61327,0,12670,0,0,2.390
1782838295897,156649,lo,2576030,61327,0,9544,0,0,2.381
1782838296180,156932,lo,2583520,61327,0,7490,0,0,2.374
1782838296438,157189,lo,2594216,61327,0,10696,0,0,2.364
1782838296689,157441,lo,2602280,61327,0,8064,0,0,2.357
1782838296945,157697,lo,2608106,61327,0,5826,0,0,2.351
1782838297201,157953,lo,2616932,61327,0,8826,0,0,2.343
1782838297451,158202,lo,2621606,61327,0,4674,0,0,2.339
1782838297702,158454,lo,2630978,61327,0,9372,0,0,2.331
1782838297953,158705,lo,2637930,61327,0,6952,0,0,2.325
1782838298242,158994,lo,2646508,61327,0,8578,0,0,2.317
1782838298513,159264,lo,2655722,61327,0,9214,0,0,2.309
1782838298766,159518,lo,2676186,61544,0,20464,217,0,2.300
1782838299016,159768,lo,2700472,62986,0,24286,1442,0,2.332
1782838299267,160018,lo,2724936,67856,0,24464,4870,0,2.490
1782838299517,160268,lo,2748376,71333,0,23440,3477,0,2.595
1782838299768,160520,lo,2772730,78795,0,24354,7462,0,2.842
1782838300019,160771,lo,2797278,85791,0,24548,6996,0,3.067
1782838300269,161020,lo,2822264,93254,0,24986,7463,0,3.304
1782838300519,161270,lo,2845734,98400,0,23470,5146,0,3.458
1782838300769,161521,lo,2867746,103026,0,22012,4626,0,3.593
1782838301020,161772,lo,2892122,108307,0,24376,5281,0,3.745
1782838301296,162047,lo,2916214,116080,0,24092,7773,0,3.981
1782838301548,162299,lo,2926844,117364,0,10630,1284,0,4.010
1782838301799,162551,lo,2949300,120921,0,22456,3557,0,4.100
1782838302049,162801,lo,2971668,124658,0,22368,3737,0,4.195
1782838302301,163052,lo,2987526,125582,0,15858,924,0,4.204
1782838302551,163302,lo,3004876,125582,0,17350,0,0,4.179
1782838302803,163555,lo,3025284,125582,0,20408,0,0,4.151
1782838303053,163805,lo,3047904,128708,0,22620,3126,0,4.223
1782838303303,164054,lo,3071474,133402,0,23570,4694,0,4.343
1782838303555,164306,lo,3095684,142125,0,24210,8723,0,4.591
1782838303806,164558,lo,3116202,143285,0,20518,1160,0,4.598
1782838304056,164808,lo,3139688,148436,0,23486,5151,0,4.728
1782838304307,165058,lo,3161836,153375,0,22148,4939,0,4.851
1782838304559,165310,lo,3184928,156583,0,23092,3208,0,4.916
1782838304809,165561,lo,3209294,162443,0,24366,5860,0,5.062
1782838305059,165811,lo,3232610,168445,0,23316,6002,0,5.211
1782838305311,166062,lo,3256634,172041,0,24024,3596,0,5.283
1782838305561,166312,lo,3275474,174764,0,18840,2723,0,5.336
1782838305812,166564,lo,3297402,176552,0,21928,1788,0,5.354
1782838306064,166816,lo,3319948,178772,0,22546,2220,0,5.385
1782838306315,167066,lo,3336590,179382,0,16642,610,0,5.376
1782838306566,167317,lo,3356836,180326,0,20246,944,0,5.372
1782838306817,167569,lo,3377820,181861,0,20984,1535,0,5.384
1782838307068,167820,lo,3397568,183301,0,19748,1440,0,5.395
1782838307318,168069,lo,3420683,185120,0,23115,1819,0,5.412
1782838307570,168321,lo,3445224,191211,0,24541,6091,0,5.550
1782838307820,168572,lo,3460184,192208,0,14960,997,0,5.555
1782838308113,168865,lo,3465274,192208,0,5090,0,0,5.547
1782838308364,169115,lo,3479594,192208,0,14320,0,0,5.524
1782838308659,169411,lo,3487156,192208,0,7562,0,0,5.512
1782838308909,169661,lo,3501492,192208,0,14336,0,0,5.489
1782838309160,169912,lo,3524466,192891,0,22974,683,0,5.473
1782838309410,170161,lo,3546199,196146,0,21733,3255,0,5.531
1782838309661,170413,lo,3569942,200880,0,23743,4734,0,5.627
1782838309918,170670,lo,3584708,202435,0,14766,1555,0,5.647
1782838310168,170920,lo,3592580,202435,0,7872,0,0,5.635
1782838310543,171294,lo,3593708,202435,0,1128,0,0,5.633
1782838310794,171546,lo,3594540,202435,0,832,0,0,5.632
1782838311082,171834,lo,3595216,202435,0,676,0,0,5.631
1782838311370,172121,lo,3596200,202435,0,984,0,0,5.629
1782838311701,172454,lo,3597644,202435,0,1444,0,0,5.627
1782838311955,172707,lo,3598492,202435,0,848,0,0,5.626
1782838312219,172971,lo,3600252,202435,0,1760,0,0,5.623
1782838312469,173220,lo,3601020,202435,0,768,0,0,5.622
1782838312723,173475,lo,3602344,202435,0,1324,0,0,5.620
1782838313019,173771,lo,3603204,202435,0,860,0,0,5.618
1782838313609,174361,lo,3604940,202435,0,1736,0,0,5.615
1782838313876,174628,lo,3605560,202435,0,620,0,0,5.615
1782838314351,175102,lo,3606776,202435,0,1216,0,0,5.613
1782838314617,175369,lo,3607544,202435,0,768,0,0,5.611
